labelID,imageID,intensity,node_type,image_type,0_adjust_error,0_confirm_error,0_hand_error,1_adjust_error,1_confirm_error,1_hand_error,2_adjust_error,2_confirm_error,2_hand_error,3_adjust_error,3_confirm_error,3_hand_error,4_adjust_error,4_confirm_error,4_hand_error,5_adjust_error,5_confirm_error,5_hand_error,6_adjust_error,6_confirm_error,6_hand_error,7_adjust_error,7_confirm_error,7_hand_error,8_adjust_error,8_confirm_error,8_hand_error,9_adjust_error,9_confirm_error,9_hand_error,0_adjust_time,0_confirm_time,0_hand_time,1_adjust_time,1_confirm_time,1_hand_time,2_adjust_time,2_confirm_time,2_hand_time,3_adjust_time,3_confirm_time,3_hand_time,4_adjust_time,4_confirm_time,4_hand_time,5_adjust_time,5_confirm_time,5_hand_time,6_adjust_time,6_confirm_time,6_hand_time,7_adjust_time,7_confirm_time,7_hand_time,8_adjust_time,8_confirm_time,8_hand_time,9_adjust_time,9_confirm_time,9_hand_time
0,0,37,leaf,human,1.0,0.7444492688788102,1.0,1.0,0.9999961853027344,1.0,1.0,2.23606797749979,1.0,1.0,1.0,1.0,1.0,1.0,1.0,0.0,5.0996688705415,0.0,0.0,1.4142135623730951,2.0,1.0,1.4142135623730951,1.7320508075688772,0.0,1.28897569432403,1.0,0.0,4.582574862522163,0.0,4.199839401245117,1.479612159729004,3.614763069152832,2.8485954284667967,3.0662467956542967,6.515316772460937,1.7165420532226563,1.9694488525390625,2.1831291198730467,1.699557113647461,2.1683977127075194,3.7839324951171873,1.94892578125,1.649273681640625,2.885597038269043,2.596060562133789,2.299829292297363,4.302681732177734,2.6056697845458983,1.616436767578125,5.190514373779297,3.6799877166748045,2.6949508666992186,2.4275577545166014,2.516194152832031,1.811608123779297,1.7153022766113282,1.6828144073486329,2.070687103271484,3.8609855651855467
1,0,86,branch,human,1.9073486328125e-06,1.9073486328125e-06,1.9073486328125e-06,1.4142135623730951,1.0,1.4142135623730951,2.23606797749979,1.4142135623730951,1.0,2.0,2.8284271247468333,2.23606797749979,1.9073486328125e-06,1.9073486328125e-06,2.0000000000009095,0.0,8.12403840463596,4.0,0.0,2.0,0.63014581273465,0.0,0.5570404414441441,0.0,0.0,2.0,1.4142135623730951,0.0,1.4142135623730951,1.0,5.437344360351562,1.699272918701172,3.7005584716796873,2.7876708984375,2.524700927734375,5.610688018798828,4.220455932617187,1.78382568359375,3.1448638916015623,2.0324886322021483,2.731889533996582,2.5168731689453123,2.017060089111328,1.663811492919922,3.006438064575195,4.001815605163574,4.7345703125,3.0494010925292967,1.9995010375976563,2.043099212646484,4.045811462402344,2.6285446166992186,1.4490707397460938,1.8165328979492188,2.9662521362304686,3.9834335327148436,4.9043434143066404,2.033131408691406,5.380472946166992,3.21943359375
2,0,48,leaf,human,0.0,0.0,0.0,1.0,0.0,0.0,1.0,0.0,1.0,0.0,0.0,0.0,0.0,0.0,0.0,0.0,0.0,1.4142122136745858,0.0,0.0,1.0,1.0,1.0,1.0,2.23606797749979,1.0,0.0,1.0,2.0,0.0,5.683129119873047,1.8502357482910157,1.7341583251953125,2.2481315612792967,2.0655563354492186,7.781216430664062,3.514851379394531,2.049847412109375,2.1822174072265623,2.2822635650634764,1.5508621215820313,2.55006103515625,1.4504249572753907,4.5859935760498045,1.5515487670898438,2.599039840698242,7.933607864379883,6.7822521209716795,1.701082992553711,1.8836753845214844,5.223656463623047,2.0563591003417967,1.7821815490722657,1.4049575805664063,4.00086669921875,4.097176361083984,5.15784912109375,1.9665077209472657,2.5940673828125,3.3502166748046873
3,0,64,branch,human,0.0,0.0,0.0,0.0,1.0,1.4142135623730951,1.0,8.602325267042627,1.0,0.0,0.0,0.0,0.0,0.0,0.0,2.0,1.0,1.0,1.0,1.0,1.0,0.10993969982642682,1.0,1.4142135623730951,1.0,1.0,2.449489742783178,0.0,1.4142135623730951,5.385164807134504,2.2335556030273436,2.1821449279785154,2.23389892578125,3.089203643798828,2.872946548461914,12.049191284179688,1.5999267578125,1.84833984375,1.6738861083984375,5.458493041992187,2.384072113037109,3.901264953613281,1.7492111206054688,1.5982406616210938,2.543965148925781,5.446257400512695,2.5164154052734373,3.3318527221679686,3.2988250732421873,1.5398338317871094,7.282940673828125,1.3494918823242188,2.3678253173828123,4.649781036376953,3.1325729370117186,1.9337814331054688,1.7332199096679688,1.5502059936523438,1.5163124084472657,4.499455261230469
4,0,34,leaf,human,1.4142135623730951,1.4142135623730951,1.4142135623730951,2.449489742783178,1.0,2.23606797749979,1.0,6.480742169959392,1.0,1.0,1.4142135623730951,1.0,1.4142135623730951,1.4142135623730951,3.1622776601683795,1.0,0.0,2.449489742783178,0.0,7.280109889280518,3.4641016151377544,1.0,0.012499511756885795,2.2036033111745184,2.449489742783178,2.23606797749979,1.0,1.2249730099225609,6.495279431501281,2.8284271247461903,1.8010757446289063,1.782799530029297,3.952801513671875,5.742169189453125,3.80010871887207,5.250668334960937,2.9809844970703123,1.933758544921875,1.5334442138671875,3.3572509765625,4.284516143798828,3.231800842285156,1.8999717712402344,1.382775115966797,2.8140533447265623,3.4816940307617186,4.668404388427734,2.8829811096191404,2.0503280639648436,2.433125305175781,6.082154083251953,1.4540374755859375,1.6495330810546875,2.0362823486328123,4.198880004882812,2.9486434936523436,4.065068054199219,2.3665016174316404,3.447674560546875,2.229840087890625
5,0,52,branch,human,1.0,1.0,1.0,1.0,1.0,1.0,0.0,0.0,0.0,1.0,1.4142135623730951,1.0,1.0,1.0,1.0,0.0,1.0,1.0,1.0,1.4142135623730951,0.0,1.4142135623730951,1.4142135623730951,1.4142135623730951,1.7320508075688772,1.4142135623730951,1.0,1.0,1.0,1.4142135623730951,1.6167724609375,2.615093994140625,3.7033966064453123,1.465813446044922,1.9830101013183594,13.613873291015626,2.73310546875,3.64930419921875,4.650799560546875,2.116558837890625,2.131562042236328,3.702198791503906,2.1000335693359373,1.4309165954589844,1.9525039672851563,5.122521209716797,4.234898376464844,2.19520263671875,2.398480224609375,2.6157577514648436,8.46643524169922,1.533489990234375,3.466595458984375,3.4846160888671873,1.7338226318359375,2.1319015502929686,9.40131072998047,2.0997283935546873,2.3667877197265623,5.435032653808594
6,0,57,leaf,human,1.4142135623730951,2.449489742783178,1.4142135623730951,1.4142135623730951,4.058772731852805,2.0,2.23606797749979,5.0990195135927845,6.324555320336759,1.4142135623730951,1.4142135623730951,1.4142135623730951,1.4142135623730951,1.4142135623730951,1.4142135623730951,2.526911934581186,7.645468165329355,3.1622776601683795,2.23606797749979,1.4142135623730951,2.0,3.1622776601683795,3.1622776601683795,1.4142135623730951,1.6543835826888262,0.6594194335117827,1.315856520227193,1.4142135623730951,1.8688428309166412,2.449489742783178,2.066082763671875,1.8846633911132813,3.3648193359375,1.6505859375,4.365052032470703,9.5684326171875,1.9905059814453125,2.59998779296875,1.49854736328125,1.6354721069335938,2.0426986694335936,4.765957641601562,3.348805236816406,1.3633010864257813,1.932049560546875,6.084107208251953,4.761536407470703,1.3527572631835938,4.2154052734375,1.5178802490234375,8.051541137695313,1.3987396240234375,1.5786865234375,3.8814666748046873,1.74940185546875,1.766278076171875,2.349896240234375,2.0321319580078123,1.5333412170410157,4.233441162109375
7,0,33,branch,human,1.0,1.0,1.0,1.0,1.0,0.0,0.0,0.0,0.0,1.0,1.0,1.0,1.0,1.0,1.0,1.0,0.0,0.0,0.0,0.0,3.9253064126351944,0.0,0.0,0.0,1.0,1.0,1.0,1.0,0.0,0.0,1.9836929321289063,1.96766357421875,4.462551879882812,1.416302490234375,2.8825424194335936,4.33515625,5.800961303710937,1.8828857421875,3.404583740234375,3.213753509521484,3.6165817260742186,2.981732177734375,3.4641349792480467,1.4001205444335938,3.232342529296875,4.249516296386719,7.0479591369628904,1.3305023193359375,3.5834930419921873,2.040699768066406,5.946926879882812,1.5846908569335938,1.4499862670898438,2.150341796875,2.5661895751953123,2.93372802734375,3.2313812255859373,3.2889068603515623,2.650189208984375,4.567807006835937
8,0,68,branch,human,1.0,1.4142135623730951,1.7804061088286498,1.0,1.4142135623730951,0.0,1.0,0.0,2.0,1.0,1.0,1.0,1.0,1.0,1.0,1.0,1.0,7.515216903668872,1.4142135623730951,0.0,0.0,0.0,1.4142135623730951,6.439178080162378,0.0,0.36103712382777076,1.0,1.7320508075688772,1.4142135623730951,1.0,1.666790771484375,1.7824371337890625,2.9632741773971407,6.629803466796875,2.93250732421875,1.815472412109375,1.57728271484375,1.849224853515625,1.88270263671875,1.5378082275390625,1.4839752197265625,3.9663970947265623,3.2428939819335936,1.6482513427734375,4.334538269042969,1.4501312255859375,10.9253662109375,13.195584106445313,2.2670944213867186,3.1341903686523436,5.09095458984375,1.4507568359375,2.3531768798828123,1.8480804443359375,1.5507171630859375,3.067242431640625,2.03358154296875,3.999127197265625,2.1669586181640623,2.1232574462890623
9,0,198,branch,human,0.0,0.0,0.0,1.0,2.206555615733702,1.0,1.0,0.0,2.23606797749979,0.0,1.0,2.0,0.0,2.0,0.0,0.0,3.3166247903554,1.0,1.0,1.0,1.0,1.0,1.0,1.0,1.0,2.0,4.123105625617661,1.0,3.3166247903554,1.0,1.5164688110351563,1.46522216796875,3.2993743896484373,4.246792602539062,2.0828521728515623,9.016644287109376,3.0659912109375,1.615338134765625,1.832012939453125,1.58314208984375,1.798565673828125,3.21583251953125,2.4329193115234373,3.078755187988281,2.9994552612304686,4.462239074707031,2.325825500488281,4.284878540039062,3.3328216552734373,4.731587219238281,4.683880615234375,2.1316650390625,2.4671295166015623,1.999615478515625,4.216305541992187,1.9321563720703125,6.429852294921875,1.8510711669921875,2.082928466796875,7.791851806640625
10,1,51,leaf,human,1.2406879706940823,2.1112260396804983,1.1473474844178637,1.2406879706940823,1.2406879706940823,0.734375,1.5219744577357401,2.1305648642144175,1.2406879706940823,1.2406879706940823,2.1112260396804983,1.2406879706940823,1.1473474844178637,1.2406879706940823,1.2406879706940823,1.2406879706940823,2.3057333432120894,1.1473474844178637,1.593520204021587,6.71389723004642,1.1473474844178637,0.5625,2.1112260396804983,2.9081395067336437,2.7143526804192604,1.2406879706940823,2.9081395067336437,1.2406879706940823,1.2406879706940823,1.2406879706940823,1.317181396484375,1.3149765014648438,1.699017333984375,2.6672637939453123,3.8330352783203123,10.000927734375,1.3809173583984375,1.68555908203125,4.23597412109375,1.850323486328125,2.050667572021484,3.715313720703125,1.3017929077148438,1.8814132690429688,2.032612609863281,6.11622314453125,3.5572784423828123,10.670590209960938,1.505322265625,1.8821990966796875,3.946209716796875,5.279278564453125,1.8835952758789063,3.36500244140625,2.75001220703125,3.1488616943359373,5.8538330078125,2.533306884765625,1.9348800659179688,5.805889892578125
11,1,44,branch,human,5.95525716410509,5.157291561469062,2.1830311495716224,0.015625,3.605585131518184,2.236122568336763,1.414299876484828,2.000061034224956,1.0001220628628287,2.6370630562237225,6.212701203985268,0.421875,4.134488377130235,4.134488377130235,2.9160801298045946,1.0001220628628287,1.3125,0.015625,0.015625,3.7007046354946285,1.414299876484828,0.015625,0.015625,2.236122568336763,0.008007011097163286,0.015625,2.39220740112558,2.236122568336763,2.000061034224956,0.015625,1.36719970703125,1.8491943359375,1.34962158203125,2.278851318359375,3.4161346435546873,2.1665771484375,1.867474365234375,1.999798583984375,1.80006103515625,2.632374572753906,1.865185546875,6.268002319335937,1.8500946044921875,2.248699951171875,2.7461822509765623,5.088055419921875,3.972943115234375,2.047406005859375,2.9330718994140623,2.6113133566720155,2.147259521484375,4.1017578125,2.6194503784179686,3.467877197265625,1.5673492431640625,1.3318603515625,3.317547607421875,2.95472412109375,3.6780136108398436,4.645977783203125
12,1,158,branch,human,1.4671700278512372,1.4671700278512372,1.4671700278512372,1.0476909133900132,1.0476909133900132,1.0476909133900132,0.3125,2.0242668425877057,1.0476909133900132,1.4671700278512372,1.4671700278512372,1.4671700278512372,1.4671700278512372,1.4671700278512372,1.4671700278512372,1.0476909133900132,1.0476909133900132,9.80733592218728,1.0476909133900132,2.4709296413226696,1.0476909133900132,0.3125,2.490803396998647,2.142449040379957,0.3134167858775925,1.0476909133900132,5.783276671792557,1.609375,0.7831470496332145,0.3125,2.2100799560546873,2.1669967651367186,1.433392333984375,5.0667236328125,4.898114013671875,7.90565185546875,2.266949462890625,2.577618408203125,2.68348388671875,4.86683349609375,1.56824951171875,4.618099975585937,2.584065246582031,1.8320892333984375,1.9519927978515625,5.032421875,3.9599884033203123,7.808499145507812,1.9971893310546875,1.6628387451171875,1.7481201171875,1.8500640869140625,3.0143707275390623,2.4157073974609373,1.8171661376953125,2.6380279541015623,4.50098876953125,2.760479736328125,2.1931808471679686,1.70814208984375
13,1,45,leaf,human,1.4483287782820584,1.4483287782820584,1.4483287782820584,2.8685814901489204,4.153311931459037,6.043407126208599,1.2786750039102979,5.437948975716855,2.3202993476058213,2.684045745232372,2.8149387922845737,1.4483287782820584,1.4483287782820584,2.142449040379957,1.4483287782820584,1.2786750039102979,1.118033988749895,1.5,1.2786750039102979,6.853660062331659,1.623271316085207,2.2866481508148557,2.8685814901489204,2.688635297995063,4.527288138679158,4.5148409786503,2.107197384846131,2.8685814901489204,3.750384615081174,1.2786750039102979,1.7828338623046875,1.5181167602539063,1.393780517578125,4.193798828125,3.912945556640625,7.60963134765625,3.78187255859375,1.36695556640625,2.785076904296875,1.39832763671875,2.283306884765625,5.086590576171875,2.5147674560546873,1.61695556640625,1.600048828125,5.467190551757812,2.8163726806640623,10.19898681640625,5.177197265625,1.96583251953125,3.580670166015625,1.4827239990234375,2.462513732910156,6.389080810546875,1.4341552734375,2.1508758544921873,3.064495849609375,3.40504150390625,1.516094970703125,10.880718994140626
14,1,81,leaf,human,0.875,2.9606798205817526,2.0440104000775046,1.7768586219786875,3.776986232434532,2.2426638213573162,2.5031230493125984,3.356430395524388,0.43442377293555623,0.875,0.421875,0.875,0.875,0.875,0.421875,1.80710403685012,5.002953229406107,2.5031230493125984,2.5031230493125984,3.855577585216643,3.356430395524388,1.4246196038328969,2.0389277972748325,2.2703911918080273,2.2426638213573162,1.046579362805943,4.676053733184104,2.2426638213573162,2.5031230493125984,0.09937028834735884,2.75037841796875,1.3991592407226563,2.58021240234375,4.70106201171875,6.341854858398437,4.25001220703125,2.8328369140625,2.101788330078125,4.415325927734375,2.700299072265625,1.4983795166015625,6.567837524414062,2.5472152709960936,2.1641281127929686,3.04139404296875,3.8311431884765623,7.961239624023437,5.54676513671875,4.296353149414062,2.033734130859375,4.7803466796875,2.2994964599609373,2.1331222534179686,2.485943603515625,2.2337921142578123,1.5486419677734375,2.266888427734375,1.466351318359375,4.280438232421875,1.66761474609375
15,1,44,leaf,human,1.6750116604071745,1.6750116604071745,1.6750116604071745,1.005963662676242,1.005963662676242,0.109375,1.005963662676242,1.005963662676242,1.005963662676242,1.6750116604071745,1.6750116604071745,1.6750116604071745,1.6750116604071745,1.6750116604071745,1.6750116604071745,1.5524677935467777,3.1777518424352422,0.109375,0.109375,0.9165983319267088,1.5524677935467777,1.005963662676242,1.5035220432329766,1.005963662676242,1.005963662676242,2.2387413630486663,1.005963662676242,2.2387413630486663,0.109375,0.5525435584810126,4.99390869140625,2.131886291503906,4.783306884765625,6.46656494140625,2.9570587158203123,11.63514404296875,3.28193359375,2.033306884765625,3.051190185546875,2.5649078369140623,1.882366943359375,4.788937377929687,2.2345703125,2.6503875732421873,2.3154571533203123,3.315289306640625,2.8818023681640623,12.23109130859375,3.4838226318359373,1.8778656005859375,1.523236083984375,2.464825439453125,1.5659988403320313,1.88349609375,2.79786376953125,1.6667449951171875,1.36768798828125,2.649334716796875,2.1115997314453123,1.698284912109375
16,1,87,branch,human,2.8685814901489204,2.8685814901489204,2.8685814901489204,3.6305184288886347,3.6305184288886347,4.2575244132157195,2.0734204266440996,3.6305184288886347,3.6827299656640586,2.8685814901489204,2.8685814901489204,3.0632970901464978,2.8685814901489204,8.017330471586225,3.0632970901464978,3.6305184288886347,3.3179137354354253,8.843834214156761,4.190763653560053,1.404818610902197,3.6305184288886347,2.2780907061890665,2.487910220571675,0.5534982195853964,5.498519334520314,0.5012206883717312,3.896237167126765,3.6305184288886347,5.053256414494024,2.9261749776799064,1.6159637451171875,1.83179931640625,4.102261352539062,3.20093994140625,3.1703460693359373,2.2146728515625,4.201519775390625,1.949017333984375,1.467022705078125,3.231976318359375,2.8185775756835936,8.290036010742188,2.215618896484375,1.683514404296875,1.9826934814453125,4.192227172851562,8.198971557617188,7.1270263671875,6.006436157226562,1.5018585205078125,11.079144287109376,3.2337310791015623,1.8688629150390625,2.448223876953125,1.516461181640625,1.648968505859375,2.09962158203125,1.399456787109375,2.0816314697265623,7.0333984375
17,1,49,leaf,human,1.588609971209107,2.513103447023002,1.6875723364125759,1.4850327490075765,1.308401338466145,1.308401338466145,2.3626839379453615,2.050688241938545,2.3626839379453615,1.588609971209107,1.588609971209107,1.6875723364125759,1.588609971209107,2.430679652844686,1.588609971209107,2.050688241938545,1.3497423050316435,4.88550550736564,1.308401338466145,0.84375,2.3626839379453615,2.050688241938545,3.633912803800471,2.431159493265028,0.6387215527786338,3.194577008873788,2.3626839379453615,0.84375,0.84375,2.565594549149378,1.949749755859375,2.2826288125952905,2.1515167236328123,7.729962158203125,7.100247192382812,10.378857421875,3.066510009765625,1.71650390625,3.716229248046875,2.4490478515625,1.7502105712890625,7.783566284179687,1.43433837890625,2.0950462765163858,3.9000518798828123,4.298794555664062,3.2322052001953123,4.135479736328125,5.269070434570312,2.6984527587890623,6.113629150390625,1.8524749755859375,2.0167205810546873,1.851910400390625,1.714215087890625,2.0825927734375,5.37366943359375,2.967327880859375,2.778790283203125,3.800091552734375
18,1,87,branch,human,1.2983801506588892,1.2983801506588892,1.2983801506588892,1.2983801506588892,9.70161522070552,2.384489676141417,1.489874680132527,3.6994311746030633,2.164668800446156,1.2983801506588892,1.2983801506588892,1.2983801506588892,1.2983801506588892,3.217571439080089,1.2983801506588892,0.828125,1.2983801506588892,4.027372165879384,1.1044123154420182,5.021924587496311,1.6388383128377857,1.6388383128377857,4.027372165879384,2.164668800446156,2.384489676141417,6.656451493962958,1.6388383128377857,2.947166608053403,2.164668800446156,2.164668800446156,3.7127655029296873,3.716595458984375,3.381512451171875,2.084027099609375,4.0052001953125,4.2329833984375,2.039501953125,2.49915771484375,4.16700439453125,1.9833343505859375,1.3162506103515625,2.9339874267578123,2.7967193603515623,1.6327484130859375,2.0171630859375,7.474789428710937,5.086514282226562,8.77467041015625,2.483013916015625,1.8843505859375,7.890911865234375,1.6666839599609375,2.1333282470703123,3.098736572265625,2.6006591796875,1.800946044921875,5.8042724609375,3.41578369140625,3.2482574462890623,1.4993408203125
19,1,31,leaf,human,1.421875,2.3180360255235466,0.125,1.0077822185373186,3.652831221892532,5.111285957626026,2.003902442735175,1.540548933213418,1.540548933213418,0.125,0.125,0.125,0.125,5.832814802102412,0.125,0.125,0.125,5.1982428296131955,1.540548933213418,2.9038284653237696,0.125,1.540548933213418,1.4799746921038377,0.125,1.540548933213418,0.3791445884168638,2.831187913226531,1.0077822185373186,0.7594228685075279,1.540548933213418,2.217449951171875,2.86719970703125,1.483441162109375,1.315960693359375,3.360950843655333,3.00794677734375,2.050091552734375,1.58369140625,1.46778564453125,2.432537841796875,2.3382843017578123,1.565533447265625,3.4324005126953123,1.448773193359375,1.51734619140625,3.1642578125,7.475125122070312,11.413983154296876,3.083599853515625,2.3142974853515623,6.454388427734375,3.1021240234375,2.149212646484375,2.94337158203125,4.518963623046875,1.30152587890625,2.299420166015625,2.082623291015625,2.1329620361328123,2.358837890625
20,2,53,leaf,human,1.0652824321072087,5.8432120825284315,2.7641680484369977,2.2404855256450555,4.244970599500661,3.6082925866155864,1.0098392895035329,3.0032940899327527,3.1654028796702955,1.0652824321072087,2.3934521522455565,1.9080421903092184,1.0652824321072087,1.9080421903092184,1.0652824321072087,1.0098392895035329,3.6082925866155864,3.201266610289785,1.0098392895035329,6.001647722969501,1.4211880208561427,1.0098392895035329,1.0098392895035329,1.499369170736897,1.0098392895035329,0.27816253033585703,1.4211880208561427,2.2404855256450555,4.002471160498849,3.6082925866155864,3.2426116943359373,2.784161376953125,2.9702880859375,1.798138427734375,4.281704711914062,7.0490234375,2.501995849609375,2.046124267578125,1.93201904296875,4.198712158203125,1.4155548095703125,4.949444580078125,2.1671722412109373,2.0492523193359373,1.701611328125,4.071636962890625,10.043759155273438,4.149945068359375,5.766156005859375,1.900128173828125,1.49189453125,2.3518798828125,2.2869384765625,3.373516845703125,3.899090576171875,1.682598876953125,2.100323486328125,2.58350830078125,2.434857177734375,12.16785888671875
21,2,49,branch,human,1.4255832482378046,1.4255832482378046,1.4255832482378046,1.772750581321258,2.5138985232420676,3.9204303578465645,1.7302027369521618,2.7513786019394786,6.940774648497282,2.0165332256127098,2.0165332256127098,2.0165332256127098,2.0165332256127098,1.4255832482378046,1.4255832482378046,2.576941016011038,1.899481343739314,2.3530423884159006,4.016817976975836,4.127318065459425,3.0988975002729244,2.576941016011038,4.8861565304816,3.0613037729776433,1.899481343739314,2.2310120697348665,3.0988975002729244,3.2890050887942692,4.8861565304816,3.13764272044266,2.781536865234375,1.41773681640625,4.034619140625,3.536602783203125,3.6140106201171873,7.4966552734375,2.382855224609375,1.531170654296875,1.982525634765625,2.197003173828125,5.08729248046875,2.901409912109375,3.6514862060546873,2.0003326416015623,2.797344970703125,2.532696533203125,1.78394775390625,4.466412353515625,3.983929443359375,2.0523193359375,9.805035400390626,1.832257080078125,1.8497894287109375,1.81519775390625,3.0991943359375,1.33277587890625,3.6966064453125,1.5677001953125,3.00794677734375,8.174664306640626
22,2,60,branch,human,1.77830073824002,3.4736733078975632,1.77830073824002,2.0001373243870657,2.577130490002398,1.6253004529932304,1.0002746204949169,2.0001373243870657,2.0001373243870657,1.77830073824002,3.4736733078975632,1.77830073824002,1.4255832482378046,3.4736733078975632,3.4736733078975632,2.236190805008877,4.123172239478512,1.0002746204949169,1.0002746204949169,5.970058757039164,5.970058757039164,1.0002746204949169,0.0234375,2.0001373243870657,2.8654839966672734,5.482928049865327,2.0001373243870657,1.0002746204949169,0.4980605594493852,3.1623645135256386,1.35078125,2.264874267578125,2.71656494140625,4.559033203125,2.8536651611328123,3.634228515625,3.81763916015625,1.548687744140625,1.8498046875,1.63349609375,2.1507537841796873,4.000653076171875,2.499920654296875,1.6986663818359375,1.615277099609375,3.7326324462890623,2.651776123046875,3.359844970703125,2.284649658203125,1.598919677734375,7.70069580078125,1.96510009765625,2.19935302734375,4.565106201171875,1.96754150390625,1.511181640625,1.916943359375,3.863018798828125,1.3006561279296875,4.75281982421875
23,2,34,leaf,human,0.17969512939453125,0.17969512939453125,0.17969512939453125,1.4255832482378046,3.763290251312673,3.763290251312673,1.4255832482378046,2.2432760859190406,3.00537644857616,1.0781173706054688,0.17969512939453125,0.17969512939453125,0.17969512939453125,0.17969512939453125,0.17969512939453125,1.4255832482378046,2.0080556759353687,1.0160155499086863,2.0165332256127098,7.446919094760346,3.1878446504848696,1.4255832482378046,1.4255832482378046,1.4255832482378046,2.2432760859190406,2.2432760859190406,6.493254462565363,2.0165332256127098,1.4255832482378046,3.3410108523656428,1.90089111328125,1.7673309326171875,3.12830810546875,2.43238525390625,2.9484375,4.8670166015625,3.03284912109375,1.7324951171875,1.485791015625,1.55067138671875,1.8670166015625,4.73963623046875,2.059063720703125,1.93031005859375,2.116192626953125,3.2326171875,1.981304931640625,4.014385986328125,2.174664306640625,1.316357421875,5.446484375,3.616009521484375,1.4988372802734375,1.4490478515625,4.331005859375,2.29969482421875,3.883831787109375,1.732525634765625,2.2308624267578123,5.06165771484375
24,2,45,branch,human,1.213530489934225,2.3076516954809816,2.3076516954809816,0.5582190013612589,3.1101306399661492,2.1616920681855336,0.8203125,0.44193130602302944,0.028506150666654406,1.213530489934225,1.213530489934225,2.3076516954809816,1.213530489934225,1.151197788243293,2.339370909026613,0.4375,1.3178024218679205,0.4375,1.0915155747858112,4.083247800177728,0.4375,0.8203125,0.4375,1.0915155747858112,2.1616920681855336,0.47525423965498703,1.0915155747858112,2.1616920681855336,1.0915155747858112,0.8203125,3.350445556640625,2.6017425537109373,3.34168701171875,6.25465087890625,5.5078857421875,7.5867431640625,2.183544921875,1.837567138671875,1.733837890625,1.982769775390625,1.5337646484375,8.31800537109375,3.150616455078125,1.9747283935546875,2.417523193359375,1.7839935302734375,2.815350341796875,4.391705322265625,1.79383544921875,4.26649169921875,5.47694091796875,1.803204345703125,3.8156402587890623,1.4495361328125,1.8850830078125,2.76649169921875,3.96412353515625,2.98194580078125,4.865765380859375,8.00623779296875
25,2,52,branch,human,1.020421366703481,1.020421366703481,1.7704062750979646,0.6875,3.2361483664999047,4.058652023763555,1.213530489934225,5.03242052571685,1.213530489934225,1.020421366703481,1.020421366703481,1.020421366703481,1.020421366703481,3.890287698732094,1.020421366703481,2.339370909026613,5.4152798955969255,2.339370909026613,2.114865539461079,6.774951171699044,1.213530489934225,0.6875,3.0777680630612827,1.213530489934225,1.151197788243293,0.3293528645701542,2.079725065400773,1.151197788243293,3.0777680630612827,2.9107827555487544,3.733868408203125,2.016064453125,2.179791259765625,1.333477783203125,4.032147216796875,2.38453369140625,2.61689453125,2.034405517578125,8.06446533203125,1.982586669921875,1.66700439453125,3.132794189453125,2.6665313720703123,1.6644866943359375,2.481793212890625,3.215863037109375,2.583721923828125,3.84998779296875,1.771588134765625,2.3167236328125,2.14808349609375,5.057537841796875,2.26697998046875,2.299664306640625,3.5308349609375,1.88349609375,1.63343505859375,5.333935546875,1.7987640380859375,6.3189208984375
26,2,34,branch,human,1.5337988989760034,1.5337988989760034,1.5337988989760034,1.625,4.7506310279477955,3.1370131964102193,1.3391089913166143,1.9080421903092184,3.733086188107901,1.5337988989760034,1.9803698352509995,1.5337988989760034,1.5337988989760034,1.5337988989760034,1.5337988989760034,1.9080421903092184,3.4960411766342148,3.542773857311772,1.625,1.6712907857775678,5.757006812694097,1.435839342307382,2.1542109924517607,1.0652824321072087,5.82380160907428,3.090596875128199,2.7641680484369977,1.625,2.1542109924517607,2.0334273186313423,2.432568359375,2.1999481201171873,2.818280029296875,3.16572265625,1.314617919921875,10.857861328125,4.94947509765625,2.71680908203125,1.81470947265625,1.701641845703125,2.330884964297517,4.466168212890625,3.6492584228515623,2.315594482421875,2.201947021484375,9.46412353515625,3.147686767578125,3.782696533203125,4.75135498046875,2.651470947265625,9.66578369140625,1.465924072265625,3.323193359375,1.81654052734375,1.331646728515625,1.963604736328125,4.61646728515625,6.7713134765625,3.649578857421875,6.9727294921875
27,2,151,branch,human,2.2577989835235552,2.4276770218989694,1.0476909133900132,1.4483287782820584,2.0242668425877057,3.3005477913001426,2.4276770218989694,5.735295609003624,1.3191478438156405,2.4276770218989694,2.4276770218989694,2.2577989835235552,1.0476909133900132,2.4276770218989694,2.4276770218989694,2.078629516970846,2.8456381094580525,2.4276770218989694,2.0242668425877057,3.6190684229508565,4.134931226755773,1.4483287782820584,2.4058404660836437,1.376087105766292,1.0476909133900132,2.143553077565736,4.346678700186644,1.376087105766292,5.108586521729861,3.7274140798489572,1.9019287109375,2.014202880859375,2.164654541015625,5.36951904296875,2.31287841796875,9.7078369140625,2.966259765625,3.932080078125,1.90308837890625,1.966900634765625,1.9162109375,7.497540283203125,1.30152587890625,1.8489959716796875,2.75050048828125,2.13251953125,1.74122314453125,2.682293701171875,4.67933349609375,2.398785400390625,3.12440185546875,1.65052490234375,2.283690088445491,1.5945556640625,4.39783935546875,1.61622314453125,2.66590576171875,1.7329833984375,2.4144256591796873,5.72022705078125
28,2,47,leaf,human,0.6328125,2.752174211532584,0.625,2.2459952424050793,1.0220052000387523,2.2459952424050793,1.4298582548302647,6.50473554209979,3.0159488168112203,0.6328125,0.625,0.6328125,1.8828125,0.6328125,0.6328125,1.4298582548302647,3.0159488168112203,5.505595741848129,1.0220052000387523,7.04921316531143,6.685163143110271,1.9923300072965908,2.34403705902443,0.2109375,1.0220052000387523,4.210817241107431,1.3681754295777928,1.0220052000387523,1.7595304105428244,1.0220052000387523,1.61622314453125,2.967938232421875,3.05213623046875,5.46156005859375,4.0659912109375,6.76875,3.01630859375,2.416241455078125,3.232861328125,1.8560302734375,1.632366943359375,5.484783935546875,2.249310302734375,2.733349609375,1.5830810546875,2.450054931640625,2.699871826171875,3.75745849609375,2.497479248046875,2.091717529296875,4.867626953125,1.565350341796875,1.300701904296875,2.016796875,2.5994384765625,1.447003173828125,3.51392822265625,4.8093994140625,2.2670257568359373,4.41602783203125
29,2,42,branch,human,2.0001373243870657,0.0234375,2.0001373243870657,2.8853520318422587,7.439223145975997,2.8853520318422587,1.213530489934225,1.5724682031761406,0.8950042212789242,0.0234375,2.0001373243870657,0.0234375,2.0001373243870657,3.105092842814849,2.0001373243870657,1.5724682031761406,0.5854596985156988,2.8882591669767104,1.5724682031761406,2.079725065400773,2.8853520318422587,2.8853520318422587,1.9453125,1.5724682031761406,1.5724682031761406,6.30747498787401,4.042529037078769,2.3076516954809816,1.213530489934225,2.339370909026613,2.601727294921875,2.8660247802734373,2.549969482421875,3.516644287109375,3.799755859375,6.5158203125,3.51923828125,1.56458740234375,2.868359375,2.59833984375,3.6975677490234373,5.1553466796875,3.0352752685546873,1.61707763671875,3.043255615234375,5.218548583984375,1.832623291015625,3.531170654296875,2.580975341796875,2.3997314453125,2.11646728515625,2.4732177734375,2.969158935546875,2.11707763671875,1.94947509765625,2.308087158203125,7.13258056640625,4.883984375,3.448712158203125,2.95948486328125
30,3,51,leaf,human,3.829400297778361,1.311121398214956,3.829400297778361,1.6508054674631563,3.652831221892532,2.9000690320447546,0.7725732881412526,1.5525464214074245,3.2749288070744758,2.673028351216322,3.829400297778361,4.7578125,2.673028351216322,4.7578125,4.7578125,3.118518669401588,5.264006917921272,7.439101888987693,2.392730384185868,6.762038057524244,3.118518669401588,3.2749288070744758,3.0676375911481135,2.346425841624523,0.640625,3.118518669401588,1.3134529650528983,0.7755505240709937,1.5525464214074245,3.2212442576444573,2.379986572265625,2.015576171875,1.846234130859375,6.399578857421875,3.360950843655333,11.033154296875,1.782666015625,2.583233642578125,2.89942626953125,2.53175048828125,1.6348846435546875,5.47236328125,2.018353271484375,1.8177001953125,2.267010498046875,5.08466796875,5.901287841796875,2.172711181640625,1.3997314453125,3.416424560546875,4.7075927734375,2.69996337890625,1.32197265625,2.21839599609375,4.398358154296875,2.71357421875,2.533154296875,4.2337158203125,2.1500518798828123,5.98145751953125
31,3,138,branch,human,2.0907744714877787,4.112789693444098,4.112789693444098,2.0775962673243327,2.3057333432120894,2.3057333432120894,1.312236499764167,2.3057333432120894,0.87178880194665,0.609375,4.112789693444098,0.609375,0.609375,4.112789693444098,4.112789693444098,2.0775962673243327,1.1473474844178637,7.295323208923389,2.3057333432120894,7.295323208923389,2.3057333432120894,2.3057333432120894,2.3057333432120894,2.883817998764832,2.3057333432120894,2.4216355728425056,3.052278861768695,0.7460895476569647,0.7393604590586733,2.3057333432120894,1.316204833984375,2.885845947265625,3.618206787109375,5.839764404296875,1.314984130859375,4.221630859375,2.4866991447679934,2.697216796875,2.08277587890625,2.264569091796875,1.9323394775390625,5.00013427734375,1.90028076171875,1.76148681640625,3.907086181640625,4.513653564453125,3.383221435546875,7.012646484375,1.949169921875,2.268170166015625,1.63258056640625,1.39954833984375,2.721844482421875,2.0001953125,3.7827880859375,5.27808837890625,4.01630859375,2.46668701171875,1.9148681640625,3.65833740234375
32,3,127,branch,human,1.5656998485102436,1.5656998485102436,1.5656998485102436,2.612181438167198,2.71875,2.71875,2.71875,2.896826118789321,1.5825471766763384,1.5656998485102436,1.5656998485102436,1.5656998485102436,1.5656998485102436,1.5656998485102436,1.5656998485102436,1.5825471766763384,3.021507961695775,6.424738466453775,2.896826118789321,6.536971365158811,2.71875,2.71875,2.71875,2.71875,2.71875,5.083250828863328,2.0089803717918358,2.3461576175539123,0.12085166261620373,2.71875,2.0003173828125,3.805218505859375,1.400067138671875,7.486431884765625,4.43525390625,6.275341796875,2.11781005859375,2.38349609375,1.86561279296875,1.516766357421875,1.8660858154296875,2.42103271484375,1.685040283203125,1.7147186279296875,5.865673828125,3.26661376953125,2.36756591796875,7.0890625,1.83515625,3.108197021484375,4.3479736328125,2.1333740234375,2.082379150390625,1.727978515625,2.752117919921875,1.365673828125,1.8003662109375,2.68568115234375,1.56763916015625,12.778271484375
33,3,139,branch,human,2.3057333432120894,2.3057333432120894,2.3057333432120894,2.3273514864339355,6.470452863123744,1.5399148972021148,0.609375,3.261997087674972,2.404029515242325,2.3057333432120894,2.3057333432120894,1.1473474844178637,2.3057333432120894,2.3057333432120894,3.140751318977077,2.3273514864339355,3.9342338437528284,4.112789693444098,2.0907744714877787,6.75578455843583,4.681350132440427,0.609375,6.529978943304489,1.6671406389852808,1.1710413701594833,4.7869655380522635,1.6671406389852808,0.609375,5.988886395141107,1.3339257513655887,1.765850830078125,1.966015625,3.637066650390625,3.864483642578125,1.900006103515625,3.95869140625,2.7190673828125,3.96326904296875,3.031689453125,1.516888427734375,3.05030517578125,6.282666015625,2.032879638671875,1.8683441162109375,5.54945068359375,2.252362060546875,2.8108642578125,5.701123046875,2.87183837890625,2.2833984375,8.135205078125,1.966259765625,1.449200439453125,2.01636962890625,8.4429443359375,4.4148681640625,2.86744384765625,2.35047607421875,7.7759521484375,4.645458984375
34,3,254,branch,human,1.4147529391756888,3.4801684248933986,2.0844007682065366,1.0036858342660067,5.38585046709489,1.0036858342660067,1.0036858342660067,2.829732364359967,1.0036858342660067,2.0844007682065366,3.4801684248933986,2.0844007682065366,1.4147529391756888,3.4801684248933986,2.027701226913127,5.8206448992902295,7.1278361582509255,9.935021433238393,0.0859375,3.163445155823987,1.0036858342660067,2.237718761128451,3.163445155823987,3.163445155823987,4.000923050235564,5.38585046709489,2.1349344310215876,1.0036858342660067,6.0410354673251945,1.0036858342660067,1.349591064453125,1.698895263671875,1.842724609375,3.2031982421875,5.168988037109375,11.2251708984375,2.2349365234375,1.701123046875,5.43433837890625,2.29920654296875,2.5492828369140623,3.92799072265625,2.867474365234375,1.4158294677734375,2.033856201171875,3.033001708984375,9.565045166015626,9.37745361328125,1.594525146484375,1.6677978515625,4.7288330078125,3.86646728515625,2.282666015625,3.59351806640625,1.716961669921875,1.798291015625,3.83131103515625,3.4837158203125,3.982098388671875,5.890576171875
35,3,187,branch,human,1.1397685140523053,3.646789309190346,1.1397685140523053,2.2364091483684843,4.371678426602876,5.831082736414074,1.0007626486366534,3.689501078379841,2.828696851715689,1.1397685140523053,3.0494380245587873,1.1397685140523053,1.1397685140523053,3.646789309190346,3.646789309190346,1.0007626486366534,4.727020897193072,6.192311891571677,1.0007626486366534,5.229218542239366,2.828696851715689,2.2364091483684843,4.702294361864748,0.8545841657728062,1.380599767837694,6.0092904960257165,1.0007626486366534,2.6667531317362316,3.8873605782876637,1.4147529391756888,3.596051025390625,1.53236083984375,2.182659912109375,4.06751708984375,6.033673095703125,4.1326416015625,2.994580078125,1.71558837890625,7.56446533203125,1.584698486328125,1.4652374267578125,4.25635986328125,3.3654296875,1.402874755859375,3.31519775390625,1.6154296875,3.13367919921875,6.67139892578125,3.332196044921875,1.572491455078125,4.40943603515625,1.331005859375,1.583355712890625,1.56519775390625,1.88404541015625,1.41590576171875,3.572705078125,1.816357421875,2.747998046875,3.3498046875
36,3,90,branch,human,0.999339204355266,3.024164156863223,2.0440104000775046,2.405044848366918,3.633912803800471,1.7548934095569024,1.0978716981619483,0.453125,2.8644933697994484,2.0440104000775046,2.8597165096605295,2.8597165096605295,2.0440104000775046,4.491990484810159,2.4993923529058897,1.7548934095569024,3.7453420179757018,2.758234870478745,1.7548934095569024,9.444856921395104,1.0390625,2.253808083867446,1.7548934095569024,1.0978716981619483,1.7548934095569024,1.4420994691442923,1.4850327490075765,1.0978716981619483,3.061751081881911,3.569089838756412,2.5852783203125,1.34901123046875,1.366436767578125,6.03223876953125,4.272198486328125,7.894482421875,2.2666748046875,2.832135009765625,3.79945068359375,4.1326416015625,1.80006103515625,4.516644287109375,1.905926513671875,1.9672821044921875,2.21162109375,5.259136962890625,3.56806640625,2.049267578125,2.06702880859375,2.949261474609375,4.265576171875,1.88306884765625,4.4300048828125,2.31739501953125,2.716015625,1.66688232421875,1.4173095703125,3.2254150390625,2.5944188936792245,4.3162353515625
37,3,233,branch,human,1.0036858342660067,2.64150318237552,1.0036858342660067,1.4757975862647967,2.4993923529058897,1.085347186675766,2.275517197391617,3.024164156863223,3.3231585888897115,1.0036858342660067,1.0036858342660067,2.64150318237552,2.64150318237552,2.64150318237552,1.0036858342660067,1.4757975862647967,4.491990484810159,7.627449017569702,2.275517197391617,5.446433259841366,3.6301485528315505,0.07980848342368141,3.6301485528315505,2.275517197391617,2.8597165096605295,0.10670910077341844,1.4757975862647967,3.8165961601930065,1.085347186675766,3.761059537903681,2.64735107421875,2.232159423828125,2.030987548828125,3.3338134765625,5.6900146484375,9.3693359375,2.482861328125,1.83375244140625,1.418896484375,3.102886962890625,2.7734039306640623,2.730206298828125,4.19874267578125,1.3838623046875,3.237957763671875,3.280987548828125,5.212353515625,4.81446533203125,2.183087158203125,1.866986083984375,8.653759765625,1.85718994140625,3.509259033203125,2.184521484375,1.4832275390625,2.651318359375,3.65009765625,6.331494140625,2.300518798828125,4.13367919921875
38,3,152,branch,human,1.4850327490075765,1.4850327490075765,1.4850327490075765,1.0051442391051395,1.0051442391051395,1.0051442391051395,2.4359470213091665,3.942085623435899,2.4359470213091665,1.4850327490075765,1.4850327490075765,1.4850327490075765,1.4850327490075765,1.4850327490075765,1.4850327490075765,0.1015625,5.150049538975936,1.0051442391051395,0.1015625,2.7459131564017096,1.0051442391051395,0.1015625,1.7128449698162995,1.0051442391051395,0.1015625,1.0051442391051395,3.306635433582753,1.0051442391051395,6.597197151359526,3.5411917573749094,1.901287841796875,2.267620849609375,3.46204833984375,3.96351318359375,2.143780517578125,10.4611328125,2.5674560546875,2.13221435546875,3.417919921875,2.2013671875,1.4925811767578125,3.450238037109375,1.599285888671875,1.7498291015625,3.282635498046875,4.304608154296875,9.776165771484376,7.0392578125,2.246380615234375,2.966839599609375,2.4668701171875,1.67469482421875,1.896527099609375,2.4488037109375,1.99207763671875,2.57557373046875,2.40089111328125,4.06654052734375,2.09913330078125,3.78345947265625
39,3,61,branch,human,2.7459131564017096,2.7459131564017096,1.0051442391051395,2.2391366439224405,0.21150317869679114,2.5671166492049013,1.4190605731103412,1.006843041469846,2.8308537422756848,1.0051442391051395,1.0051442391051395,2.6332181623680557,2.7459131564017096,2.7459131564017096,2.6332181623680557,2.8308537422756848,2.8308537422756848,2.8308537422756848,0.1171875,1.577491391856121,1.4190605731103412,1.006843041469846,1.7199149415375103,2.625,2.003430285823854,0.1171875,3.8588372601082828,0.1171875,0.3816590869873693,0.1171875,2.582928466796875,1.60010986328125,2.632427978515625,5.12012939453125,5.40125732421875,5.5723388671875,1.366162109375,1.66724853515625,3.200390625,1.88331298828125,5.117474365234375,5.42615966796875,2.166058349609375,2.1661041259765623,3.52784423828125,3.882855224609375,11.2864501953125,5.4109619140625,4.079541015625,1.3980224609375,2.16627197265625,1.74000244140625,1.94910888671875,1.82081298828125,2.1262939453125,2.6826904296875,2.60096435546875,4.850048828125,1.999188232421875,3.8162353515625
40,4,61,branch,human,1.4246196038328969,1.4246196038328969,3.1669450604052165,1.0121334212938529,1.4228190547290263,1.0121334212938529,1.0121334212938529,1.4228190547290263,1.4228190547290263,1.4246196038328969,1.4246196038328969,1.8316772379178188,1.4246196038328969,1.4246196038328969,1.5314496638759891,1.0121334212938529,2.241520480053662,1.0121334212938529,1.8416467081544847,2.482606414119033,6.999877928623113,1.546500112400982,1.4228190547290263,2.495320327163679,1.0121334212938529,1.0121334212938529,0.15625,1.4228190547290263,1.0121334212938529,0.15625,2.05384521484375,3.024395751953125,1.61829833984375,3.66895751953125,7.284405517578125,3.8179443359375,2.03193359375,2.7873046875,4.4522216796875,3.018353271484375,1.93323974609375,4.09620361328125,2.36512451171875,1.7996490478515625,2.209393310546875,1.31446533203125,3.5000732421875,13.3208740234375,4.71510009765625,2.11597900390625,2.1990478515625,1.667431640625,2.000164794921875,1.78553466796875,1.382763671875,5.72041015625,2.833203125,2.4717529296875,2.667767333984375,2.765576171875
41,4,242,branch,human,2.287929006902312,2.287929006902312,2.287929006902312,0.4609375,3.6371362038869264,2.8685814901489204,1.1011191483696259,2.1830311495716224,1.6630168369562588,2.287929006902312,2.287929006902312,2.287929006902312,2.287929006902312,2.287929006902312,0.2908157067271304,3.441743975454145,3.49696436436304,7.919966892920094,2.8685814901489204,4.7518756576350984,1.6630168369562588,1.6630168369562588,3.1956945065050024,2.2830819912798246,1.6630168369562588,3.189044575839347,2.2866481508148557,1.6630168369562588,2.1830311495716224,1.1511310704688427,2.06678466796875,1.516461181640625,2.69825439453125,6.2913330078125,4.17921142578125,2.8194091796875,2.4329345703125,1.36585693359375,2.4837158203125,2.283489990234375,1.5493896484375,4.16383056640625,3.181256103515625,2.4465911865234373,1.301373291015625,2.234051513671875,2.599713134765625,9.48896484375,4.7017333984375,1.34876708984375,7.444287109375,4.25953369140625,3.476605224609375,1.9317138671875,3.065380859375,4.01331787109375,2.899609375,3.51844482421875,3.747509765625,6.396923828125
42,4,54,branch,human,1.49486425491581,1.49486425491581,1.49486425491581,2.8346458835551664,2.6223807617178636,2.243928983982392,2.6223807617178636,2.7474362656832394,1.079369752448159,1.49486425491581,1.49486425491581,1.49486425491581,1.49486425491581,1.49486425491581,1.49486425491581,4.180293472428102,7.629581263339833,2.900280600082173,2.0087850271137153,4.474415224603376,4.015418365236897,2.0087850271137153,4.413032235960326,3.0184755335933104,3.434922081934687,4.888207078102273,2.243928983982392,2.0087850271137153,2.5773019856101627,2.7147063896370014,1.899395751953125,1.73121337890625,3.261212158203125,4.51649169921875,3.4766357421875,11.0322998046875,2.5156982421875,1.61683349609375,1.734814453125,2.1157958984375,2.03406982421875,4.017041015625,1.999981689453125,1.7804840087890625,1.820538330078125,4.1846435546875,2.333172607421875,6.15479736328125,4.667919921875,1.482861328125,1.48084716796875,5.79920654296875,2.6345947265625,1.76600341796875,3.59412841796875,3.14783935546875,4.28260498046875,1.86744384765625,1.915997314453125,6.06666259765625
43,4,71,branch,human,2.401171589037318,2.401171589037318,2.401171589037318,0.5234375,1.128710244662575,3.1009327131374924,1.128710244662575,0.5234375,0.8125,2.401171589037318,2.401171589037318,1.013547222766988,2.401171589037318,2.8685814901489204,2.401171589037318,1.128710244662575,0.22818574779546452,0.5234375,1.630998543837486,2.3360812037737473,1.128710244662575,0.8125,0.5234375,1.5079744084056101,0.5234375,2.369764480155412,0.5234375,0.8125,2.0673622847498816,3.3848597298300267,2.883099365234375,1.6155517578125,4.416546630859375,2.898388671875,3.5996826171875,9.216259765625,2.050732421875,2.2765625,3.0491455078125,2.166302490234375,1.477276611328125,1.56708984375,2.610150146484375,1.54822998046875,2.615948486328125,4.60084228515625,2.714764404296875,11.3186767578125,3.11597900390625,3.8125732421875,4.10029296875,1.75159912109375,1.41663818359375,3.02735595703125,2.56641845703125,3.66962890625,5.11585693359375,2.53175048828125,1.8850830078125,5.3205078125
44,4,69,branch,human,1.8926416156146018,5.965072697390724,1.8926416156146018,1.4246196038328969,2.0073716685320133,0.171875,1.4246196038328969,3.1669450604052165,2.0073716685320133,1.4163698371629494,4.190763653560053,1.4163698371629494,1.4163698371629494,7.531768654340095,0.3944602464909437,2.2426638213573162,7.520703903482499,1.4246196038328969,2.8336444758693706,2.0073716685320133,1.4246196038328969,1.4246196038328969,2.2426638213573162,2.0073716685320133,1.4246196038328969,1.7059617723459617,4.638807196319171,1.4246196038328969,1.4246196038328969,2.0073716685320133,3.1004150390625,2.099591064453125,5.983624267578125,5.3322265625,5.44178466796875,4.748974609375,1.81708984375,1.80042724609375,2.1004150390625,2.186138916015625,2.584210205078125,7.384716796875,2.731182861328125,1.7988250732421875,1.71790771484375,1.38380126953125,1.87891845703125,12.8511474609375,3.75037841796875,3.03260498046875,2.1995361328125,1.4839599609375,1.882977294921875,1.70118408203125,1.9453857421875,2.666943359375,1.97926025390625,1.60078125,2.58460693359375,4.871533203125
45,4,249,branch,human,0.484375,2.963976425344844,2.963976425344844,1.6508054674631563,2.963976425344844,3.1281234390605497,0.484375,2.963976425344844,2.1737430141132714,0.484375,2.963976425344844,2.963976425344844,2.963976425344844,5.622590629827589,5.622590629827589,1.49486425491581,5.121974144861042,1.1111341685975642,1.6674353725994706,2.392730384185868,0.484375,1.6508054674631563,3.1281234390605497,1.49486425491581,2.70435530166734,5.121974144861042,0.4024321453013897,3.1281234390605497,1.1247323201223907,1.2679051978305154,2.811383056640625,2.13245849609375,1.900067138671875,2.00098876953125,2.198468017578125,4.1839111328125,1.8731201171875,2.359326171875,2.9849365234375,2.325146484375,2.84852294921875,1.83314208984375,1.766156005859375,1.7368743896484375,4.698162841796875,2.23231201171875,7.32978515625,3.4666259765625,1.8150146484375,2.2447021484375,5.66376953125,1.60206298828125,2.028729248046875,2.46973876953125,1.48267822265625,3.3350341796875,1.617138671875,4.768017578125,1.497021484375,2.0806396484375
46,4,57,leaf,human,2.1500278204958767,0.546875,2.125,5.04593765482752,5.334930816459221,4.739355105539809,4.945855519160083,6.027626016154701,5.22597273391519,0.546875,3.9972601089879367,2.1500278204958767,0.2945151537784909,3.9972601089879367,0.546875,4.5234375,5.04593765482752,4.490006263915452,5.519192587363323,5.952166302398333,4.490006263915452,5.22597273391519,4.632654402867351,5.0309831062750545,4.739355105539809,4.5234375,2.466916763247377,5.427843661750608,0.8905825192550587,5.04593765482752,3.035198974609375,1.984051513671875,3.433697509765625,4.74970703125,2.066082763671875,4.9988525390625,2.083447265625,2.01600341796875,2.566357421875,1.865673828125,2.084515380859375,5.049755859375,1.881787109375,2.065533447265625,1.481121826171875,1.36683349609375,2.430157470703125,7.18232421875,1.98463134765625,4.50245361328125,4.870068359375,2.03260498046875,1.76405029296875,2.24879150390625,1.816357421875,1.39808349609375,3.781094052093198,4.73353271484375,3.044354248046875,3.603955078125
47,4,78,branch,human,1.5079744084056101,1.5079744084056101,1.5079744084056101,1.288470508005519,1.288470508005519,2.4824351714739663,1.128710244662575,2.296516234736051,1.288470508005519,1.630998543837486,1.5079744084056101,2.5721165781134903,1.5079744084056101,1.5079744084056101,1.5079744084056101,1.288470508005519,2.0673622847498816,1.128710244662575,1.288470508005519,2.730801236015723,1.288470508005519,0.038061792499195946,2.369764480155412,1.288470508005519,1.288470508005519,2.2206962277223283,1.5079744084056101,1.5079744084056101,2.379108288834285,1.128710244662575,2.491162109375,2.249127197265625,3.2822998046875,4.91083984375,6.619366455078125,1.8826416015625,2.4715087890625,1.31690673828125,1.98310546875,1.75452880859375,1.516827392578125,1.683544921875,3.34315185546875,2.2644775390625,1.449810791015625,4.36005859375,8.77088623046875,6.1494873046875,1.499951171875,2.93397216796875,2.10419921875,3.17939453125,3.02900390625,3.19971923828125,3.44630126953125,1.44990234375,5.10047607421875,1.782666015625,2.11512451171875,5.2327392578125
48,4,89,branch,human,2.059671948431655,0.4921875,0.84375,2.348536778506992,7.548383163228152,2.348536778506992,2.0734204266440996,4.46968548993173,2.1500278204958767,0.4921875,0.4921875,0.4921875,2.059671948431655,0.4921875,0.4921875,0.9990039721288522,3.41678090175229,1.1397685140523053,3.0847406698132667,3.7007046354946285,4.120447594486095,2.5525722320827673,1.5162691929947663,3.6025113988586144,2.0734204266440996,5.283919301134802,3.6025113988586144,2.1318965524049824,3.738728176653961,2.348536778506992,3.017010498046875,2.540142822265625,2.899945068359375,1.701123046875,1.9015625,9.940625,2.28291015625,1.8,1.9671142578125,1.349072265625,2.100811767578125,2.21851806640625,2.431622314453125,1.826123046875,4.299176025390625,3.4512451171875,4.7073486328125,13.49195556640625,1.9348876953125,2.6113133566720155,3.6369140625,3.97633056640625,1.64954833984375,1.61719970703125,4.56629638671875,3.6826904296875,4.880810546875,3.04896240234375,3.6240966796875,3.8989990234375
49,4,58,branch,human,1.0109579399960016,2.6839135214176,2.2409899500981614,1.234375,1.0051442391051395,0.1015625,1.0051442391051395,1.7511157157652375,1.0051442391051395,2.2409899500981614,2.2409899500981614,1.0109579399960016,2.2409899500981614,1.0109579399960016,1.0109579399960016,1.588609971209107,6.2503124921878905,6.905936255599689,0.1015625,2.4525662515804356,0.1015625,1.0051442391051395,0.1015625,2.350251399451769,1.4178557547953352,0.1015625,2.350251399451769,0.1015625,0.1015625,1.7511157157652375,2.00172119140625,1.93128662109375,3.73218994140625,5.3010986328125,2.766796875,2.7989013671875,2.3150146484375,2.15211181640625,3.6465576171875,1.73109130859375,2.266644287109375,3.729443359375,1.9180419921875,2.084423828125,1.3830078125,1.59827880859375,3.144879150390625,6.3882568359375,1.9844482421875,6.40308837890625,4.0142333984375,3.03431396484375,1.951885986328125,2.8694580078125,1.737255859375,3.8230712890625,2.2822998046875,3.6504638671875,1.533428955078125,5.870556640625
50,5,32,leaf,mouse,5.501634636633284e-05,3.8669362616628904,2.7344055179612936,1.3672180179187154,1.3672180179187154,1.3672180179187154,1.9334951052886442,1.9334519464340907,1.3671569827624805,5.501634636633284e-05,2.7344207765374837,2.7344055179612936,5.501634636633284e-05,2.7344207765374837,2.7344055179612936,1.3672180179187154,5.53877739387611,1.3671569827624805,1.9334951052886442,5.637036267845971,1.3671569827624805,3.0570832443909404,4.323407187672678,1.3672180179187154,1.3671569827624805,1.3672180179187154,5.637036267845971,1.3671569827624805,3.0570832443909404,1.3671569827624805,2.94886474609375,2.6331298828125,2.049755859375,2.26600341796875,3.21058349609375,3.448681640625,1.6988037109375,1.63367919921875,4.484326171875,1.94776611328125,2.032025146484375,3.415966796875,2.598858642578125,1.749920654296875,2.2365234375,1.864697265625,2.533367919921875,2.16566162109375,2.20008544921875,4.1662109375,2.1360595703125,2.0760009765625,2.68275146484375,1.7298095703125,1.7156494140625,1.38575439453125,2.3159912109375,1.5171630859375,4.660809326171875,2.4998291015625
51,5,33,leaf,mouse,0.73098755601265,3.866990209854771,2.734344482592176,2.7344055179612936,7.042622655787861,2.7343292238031145,5.501634636633284e-05,4.101593017833571,1.9334411568709777,4.315837287515549e-05,2.734344482592176,2.734344482592176,2.734405517748422,4.315837287515549e-05,2.734344482592176,4.323469915918391,1.3672332767077742,2.734344482805052,5.501634636633284e-05,4.323469915918391,1.5395535396233981,5.501634636633284e-05,2.7741035854513143,2.7344207765374837,1.9334411568709777,4.812018358574292,6.971354643780272,1.3672332767077742,1.3672332767077742,4.101593017833571,3.76527099609375,1.366009521484375,1.43311767578125,1.648388671875,3.06458740234375,5.6507080078125,1.7178466796875,2.28260498046875,2.5314453125,1.78358154296875,2.997845458984375,2.76661376953125,1.82056884765625,1.849713134765625,3.0490234375,2.949658203125,8.170635986328126,7.07197265625,2.01734619140625,1.43330078125,4.11494140625,4.1328857421875,1.63001708984375,3.51612548828125,1.683544921875,2.16767578125,2.849072265625,5.383740234375,6.504010009765625,2.5144775390625
52,5,43,leaf,mouse,1.9335166841138216,1.9335166841138216,1.9334735257409492,1.367156982421875,1.367156982421875,3.0517578125e-05,1.367156982421875,1.367187500340598,1.367156982421875,2.1768065526698757,1.9334735257409492,1.9334735257409492,1.9335166841138216,2.781813575304159,1.9335166841138216,1.367156982421875,9.667445313174781,1.367156982421875,3.0570968922667796,5.981367904551459,5.02989780437641,1.367156982421875,1.367187500340598,1.9334735257409492,1.367156982421875,2.734344482421875,1.367187500340598,1.367218017578125,1.367156982421875,1.367187500340598,3.2315185546875,3.318829345703125,3.38453369140625,4.77930908203125,3.19959716796875,9.3887451171875,2.8682373046875,2.19971923828125,1.3489501953125,1.48267822265625,1.849835205078125,4.234326171875,3.401776123046875,1.8667724609375,4.15009765625,3.766796875,2.60029296875,4.0999267578125,5.4162109375,1.63306884765625,5.8328369140625,1.4832275390625,2.91614990234375,2.96485595703125,1.60084228515625,1.46748046875,4.0318115234375,4.09949951171875,2.284100341796875,2.884716796875
53,5,38,leaf,mouse,1.3672027587890625,3.057117364080538,1.3672027587890625,3.0517578125e-05,7.629352203068616,3.057151483770136,1.9335166841138216,4.221737235054502,1.9335166841138216,1.3672027587890625,3.0571310119563773,1.3672027587890625,1.3671722412109375,0.0033984250990162224,3.0571310119563773,1.9335166841138216,2.012947069435654,1.9335166841138216,3.0517578125e-05,4.763640093668064,2.734375000170299,1.3297535586963534,3.0517578125e-05,3.0517578125e-05,2.9114956021873573,1.9335166841138216,1.9335166841138216,1.9335166841138216,8.219029091914106,7.122520048714895,2.84888916015625,2.149365234375,1.984814453125,1.9768798828125,1.95545654296875,8.496044921875,2.0666015625,1.8501708984375,2.4319580078125,2.2500732421875,3.46851806640625,4.23218994140625,1.918316650390625,1.80006103515625,2.31556396484375,2.93165283203125,1.47962646484375,4.88502197265625,2.41602783203125,1.884716796875,3.649365234375,1.83466796875,1.61640625,2.1665771484375,1.96656494140625,3.1660888671875,3.840771484375,2.966015625,2.133648681640625,1.9611328125
54,5,117,branch,mouse,1.3671569827624805,1.3671569827624805,1.3671569827624805,3.3877435918838796,5.5593667799672835,0.8637148303526594,1.36724853515625,1.36724853515625,1.36724853515625,1.3671569827624805,1.3671569827624805,1.6938964279204265,1.3671569827624805,5.725033710992929,1.3671569827624805,2.911438280015489,1.6938225322849407,3.2164952061990033,1.36724853515625,6.908693183781687,1.6938225322849407,1.36724853515625,2.911438280015489,1.36724853515625,1.3224067720813082,5.559486859256596,0.8637148303526594,3.2164952061990033,2.1768257204110673,0.16354795699560043,2.5166748046875,2.279034423828125,3.1663330078125,3.93201904296875,3.19971923828125,10.957470703125,3.01728515625,1.98310546875,2.4834716796875,2.43397216796875,1.898541259765625,3.61634521484375,2.716107177734375,1.796673583984375,4.1323974609375,2.9707763671875,3.2761962890625,9.57203369140625,1.33369140625,3.13416748046875,5.3628662109375,3.116162109375,1.546734619140625,2.83173828125,1.73280029296875,1.53431396484375,6.156689453125,2.34974365234375,2.58399658203125,1.3203857421875
55,5,52,branch,mouse,3.0517578125e-05,3.0517578125e-05,3.0517578125e-05,1.9334627362982582,8.979797736557634,0.9361947066040734,1.9334627362982582,3.9941661137010085,1.3671417236328125,3.0517578125e-05,3.0517578125e-05,3.0517578125e-05,1.0000000004656613,3.0517578125e-05,3.0517578125e-05,1.9334627362982582,4.437611081755595,1.9334627362982582,1.9334627362982582,4.57763671875e-05,1.9334627362982582,1.9334627362982582,3.837560192770237,4.57763671875e-05,4.57763671875e-05,3.6532531588140427,4.437611081755595,1.9334627362982582,3.9941661137010085,4.57763671875e-05,1.9318359375,2.1673095703125,3.397900390625,6.33448486328125,2.65076904296875,6.550244140625,1.9502685546875,1.35133056640625,3.9796875,2.8330810546875,2.71583251953125,1.9326904296875,2.53187255859375,3.84925537109375,2.57838134765625,3.43385009765625,2.06708984375,3.79114990234375,4.9767578125,2.46632080078125,5.044384765625,1.66572265625,2.331707763671875,1.70045166015625,2.11671142578125,2.133251953125,2.3506591796875,3.7332275390625,1.817059326171875,5.0169189453125
56,5,47,leaf,mouse,1.0000000004656613,1.0000000004656613,1.0000000004656613,3.867011788860579,1.6562394293182194,4.92949002661235,2.734344482421875,1.4793878224008488,2.734344482421875,1.0000000004656613,1.0000000004656613,1.0000000004656613,1.0000000004656613,1.0000000004656613,1.0000000004656613,1.9335166841138216,3.7008817006698536,4.101531982421875,4.101531982421875,2.1178136387948996,5.637065874201778,1.8642304343056963,2.9114956021873573,1.367156982421875,3.867011788860579,0.7206144403244821,5.637065874201778,5.637065874201778,0.930015246408189,3.867011788860579,2.14844970703125,1.967205810546875,2.733837890625,2.23426513671875,5.498486328125,14.102978515625,1.3667724609375,2.2830322265625,4.333203125,1.4005859375,2.46552734375,2.0347412109375,3.59656982421875,2.5830810546875,2.13245849609375,3.2251708984375,3.0940673828125,6.211865234375,4.3338134765625,2.03419189453125,7.33564453125,1.4505126953125,3.4676025390625,1.5171630859375,3.19678955078125,1.98206787109375,4.3838623046875,4.03492431640625,2.283306884765625,5.032421875
57,5,45,leaf,mouse,1.367187501362392,1.0226482972969357,3.0571787796132046,1.9334627367799444,6.432983925718993,5.034519223719526,1.9334627367799444,1.9334627367799444,3.2165081778594447,1.367187501362392,1.367187501362392,1.367187501362392,1.367187501362392,3.216573035159824,1.367187501362392,1.9334627367799444,4.442806375932294,1.6938594808492906,2.7343139648863257,4.5632159838340325,1.3671264649289032,2.7343139648863257,4.283267889591014,4.437564070779066,2.7343902594702545,2.7343139648863257,1.3672027601514392,1.9334627367799444,2.7343139648863257,5.034519223719526,1.3999755859375,2.06513671875,3.56287841796875,1.3465087890625,3.4318359375,9.887158203125,4.367626953125,2.19996337890625,2.043408203125,2.7498291015625,2.219525146484375,7.01502685546875,2.9192626953125,3.175335693359375,1.8340576171875,2.38349609375,3.14906005859375,5.66376953125,1.81763916015625,3.2658203125,4.1507080078125,1.7482421875,1.96748046875,2.18568115234375,1.9995849609375,1.75111083984375,9.0681884765625,3.0666015625,3.87012939453125,4.7310302734375
58,5,46,leaf,mouse,2.734375,3.866990209613932,0.0,1.9334735257409492,1.9334735257409492,4.101562500113532,2.1768065526698757,6.195498373582362,2.176768217964682,2.9114956020274185,2.734375,0.0,2.734375,2.734375,5.822991204054837,1.6938717959419398,1.6938717959419398,3.216508177388935,1.6938717959419398,7.042678937130139,1.6938717959419398,1.367187500340598,4.323436139113946,1.6938717959419398,3.2165470919478145,1.091519370648852,5.46875000008515,1.367156982421875,5.02989780437641,4.101562500113532,5.18604736328125,4.050762939453125,3.532666015625,5.04127197265625,1.598828125,1.6841552734375,1.4326904296875,1.71473388671875,1.98701171875,2.23280029296875,3.63380126953125,1.61756591796875,1.38404541015625,2.10938720703125,1.4497802734375,4.8350341796875,1.86591796875,8.02271728515625,1.56605224609375,2.3714111328125,2.283642578125,1.934521484375,3.1292236328125,1.599072265625,2.0333984375,2.6822021484375,5.36298828125,2.699658203125,2.219403076171875,5.9683349609375
59,5,32,leaf,mouse,1.9335382636615086,4.437625185198036,2.1768257204110673,1.6939210609152369,6.810557937831881,5.800398997675147,8.631674575031098e-05,1.6939210609152369,1.6939210609152369,1.9335382636615086,1.9335382636615086,2.1767490510006935,1.9335382636615086,1.9335382636615086,1.9335382636615086,1.3671264662062026,6.810557937831881,2.9115529248300334,3.0572060753648818,7.252487545628162,1.6939210609152369,2.9115529248300334,3.2165470929612088,1.3671264662062026,8.631674575031098e-05,1.5375289985983542,3.0570423008548175,8.631674575031098e-05,1.6939210609152369,4.763578783121188,1.600537109375,1.949383544921875,4.26746826171875,3.9517333984375,3.01673583984375,4.5662353515625,1.8345458984375,2.4138916015625,2.2332275390625,1.84901123046875,1.7490966796875,3.5994384765625,2.99940185546875,2.164776611328125,2.16651611328125,1.76563720703125,7.2664306640625,8.88587646484375,1.30128173828125,1.91541748046875,6.3650634765625,2.517041015625,1.43323974609375,1.8189208984375,1.4337890625,3.1663330078125,3.6172607421875,3.83228759765625,1.917950439453125,6.3655517578125
60,6,35,leaf,mouse,1.0,1.0,1.0,3.0,0.7703296142690075,4.58257569495584,2.0,3.416407864998739,2.0,1.0,1.0,1.0,1.0,1.0,1.0,4.58257569495584,8.246211251235321,2.0,2.0,6.4031242374328485,3.0,0.6155281280883038,2.23606797749979,2.8284271247461903,2.8284271247461903,7.211102550927978,5.656854249492381,3.0,8.306623862918075,4.898979485566356,1.55128173828125,1.905743408203125,3.4337890625,1.58277587890625,1.8340576171875,3.1441162109375,1.30048828125,1.383740234375,3.1690185546875,2.0896728515625,2.40174560546875,1.4832275390625,2.03223876953125,1.648175048828125,1.48109130859375,3.81629638671875,2.68189697265625,3.5216796875,4.61494140625,2.63734130859375,4.627880859375,1.499951171875,3.1333740234375,3.4461181640625,2.0257080078125,1.3823974609375,5.78388671875,2.8018310546875,2.20850830078125,5.146923828125
61,6,33,leaf,mouse,2.23606797749979,2.0,4.58257569495584,2.0,6.0,7.280109889280518,0.0,2.6885775404495202,4.0,2.0,2.0,2.8284271247461903,2.0,4.58257569495584,0.16643582596529427,2.8284271247461903,3.4505841801002646,9.16515138991168,1.7046999107196257,2.1810730128188354,0.0,2.8284271247461903,5.744562646538029,2.23606797749979,2.8284271247461903,1.8321595661992323,2.8284271247461903,0.0,2.0,5.656854249492381,1.85126953125,1.54957275390625,3.03577880859375,4.3166015625,3.867626953125,4.4826171875,2.18427734375,1.98389892578125,4.199658203125,2.3987548828125,1.716595458984375,4.5548828125,1.31611328125,1.57386474609375,4.11610107421875,1.56751708984375,1.899365234375,3.29969482421875,5.31568603515625,3.0158203125,3.0646484375,2.1338623046875,1.80048828125,2.1004150390625,4.66627197265625,1.465283203125,3.38447265625,2.5508544921875,1.80030517578125,6.392041015625
62,6,33,leaf,mouse,4.0,5.607017003965517,2.0,2.0,4.58257569495584,4.752926364123027,0.0,4.0,2.23606797749979,5.656854249492381,4.0,2.0,5.656854249492381,8.0,5.656854249492381,2.0,4.58257569495584,5.744562646538029,2.0,2.23606797749979,4.58257569495584,0.0,2.8284271247461903,0.0,0.0,6.4031242374328485,3.5646599662505363,2.0,2.8284271247461903,6.4031242374328485,1.616650390625,1.814312744140625,2.7814453125,3.21705322265625,2.26575927734375,3.632763671875,1.76630859375,2.2002685546875,1.915478515625,1.567578125,4.33472900390625,1.8682373046875,2.165478515625,1.41761474609375,3.43787841796875,2.3665283203125,1.56715087890625,3.7493408203125,5.60548095703125,2.83375244140625,3.2920654296875,2.1839111328125,2.6309326171875,1.8167236328125,1.616650390625,2.2339599609375,2.4995849609375,5.1895263671875,1.91566162109375,2.0161865234375
63,6,33,leaf,mouse,0.0,8.06225774829855,0.0,2.8284271247461903,0.0,8.06225774829855,2.0,3.5646599662505363,0.0,0.0,0.0,0.0,0.0,8.06225774829855,0.0,0.0,6.712272491657259,2.0,2.0,5.114099732158877,0.0,2.0,2.0,0.09975124224177989,2.0,1.901374200534093,2.0,0.0,2.8284271247461903,2.0,1.5000732421875,2.5987060546875,2.949658203125,2.2326171875,2.332958984375,6.08564453125,2.118359375,1.46748046875,2.40107421875,1.3164794921875,2.200054931640625,3.88111572265625,2.23292236328125,2.450115966796875,2.9292724609375,3.6597412109375,1.9158447265625,4.07423095703125,1.60615234375,4.619091796875,4.967236328125,1.966015625,4.33167724609375,4.832958984375,3.82130126953125,1.71455078125,3.531689453125,2.2322509765625,1.332623291015625,1.83369140625
64,6,32,branch,mouse,2.8284271247461903,6.324555320336759,2.8284271247461903,3.0,0.6630035524124054,2.4811679100062065,2.5510696599781397,4.3130521954984715,0.0,2.8284271247461903,2.8284271247461903,2.8284271247461903,2.8284271247461903,2.8284271247461903,0.5970296301724645,2.8284271247461903,9.0,2.0,4.311740763254107,6.324555320336759,3.971960779911541,2.8284271247461903,2.8284271247461903,2.0,4.456832294800961,2.0,2.23606797749979,2.6859522025520164,4.739729036101409,0.8269756949992484,2.249951171875,2.5174072265625,3.23359375,2.6665771484375,1.4046142578125,3.7176025390625,2.036328125,1.34644775390625,2.3106201171875,1.599072265625,1.636334228515625,3.03309326171875,2.5347412109375,2.333721923828125,1.66651611328125,2.3338134765625,2.81416015625,5.141796875,4.31751708984375,4.268017578125,2.5999267578125,1.751904296875,2.28114013671875,2.6511962890625,8.26923828125,1.98304443359375,4.765087890625,1.433544921875,1.883587646484375,7.0232666015625
65,6,46,branch,mouse,1.4891252930760572,2.0,2.0,2.23606797749979,4.515301344262525,7.204650534085253,0.0,2.0,0.0,3.1034670573206995,2.0,2.0,2.0,0.3224014329015752,2.0,2.23606797749979,1.725560982400431,1.6619037896906015,0.0,6.708203932499369,0.0,0.0,2.022715545545239,3.7477270848675204,0.0,4.47213595499958,2.0,2.0,3.7477270848675204,5.620247463315252,3.04945068359375,4.998638916015625,2.20069580078125,1.88294677734375,2.115185546875,5.29951171875,2.09931640625,1.34962158203125,1.8833740234375,1.6836669921875,2.2830322265625,4.2508056640625,1.4820068359375,1.815655517578125,1.3169677734375,4.31312255859375,1.81654052734375,2.84852294921875,2.14368896484375,2.216015625,2.7586181640625,3.166455078125,1.66676025390625,1.8499267578125,1.932080078125,2.69984130859375,4.30146484375,3.0340087890625,2.05,2.3147705078125
66,6,31,leaf,mouse,2.0,4.47213595499958,2.0,0.0,4.80458005259122,1.6710381573828528,3.0,8.06225774829855,2.0,2.0,4.47213595499958,2.0,2.0,4.47213595499958,2.0,0.0,7.810249675906654,0.0,0.0,2.806248474865697,0.0,3.0,2.0,0.0,0.0,2.0757201934152363,2.8284271247461903,0.0,0.0,3.0,1.44849853515625,1.90052490234375,3.53309326171875,1.39918212890625,2.6994140625,4.7893798828125,1.381787109375,1.8758056640625,1.864697265625,2.13209228515625,2.250836181640625,3.8814208984375,2.465771484375,2.917462158203125,2.25001220703125,3.76734619140625,6.36353759765625,4.6980712890625,1.79932861328125,1.7847412109375,1.6831787109375,1.9162109375,1.4328125,2.840283203125,2.0001953125,1.5489013671875,4.8853271484375,4.876416015625,2.44984130859375,5.2825439453125
67,6,43,leaf,mouse,0.0,4.0,0.0,0.0,7.211102550927978,0.19803902718556898,0.0,0.040901486674485454,4.0,0.0,0.0,1.0,0.0,0.0,0.0,1.80843051394949,2.8284271247461903,4.0,2.23606797749979,3.0,0.0,0.0,4.0,0.8166538263919687,0.0,0.1951124521742713,7.280109889280518,0.0,2.23606797749979,7.211102550927978,1.30177001953125,1.88233642578125,3.2000244140625,4.0518310546875,1.5679443359375,4.9671142578125,2.017041015625,1.91407470703125,2.249951171875,3.51502685546875,2.2815673828125,4.1839111328125,4.04786376953125,2.1997802734375,2.289013671875,3.739498321297243,2.46693115234375,4.01746826171875,4.6494873046875,2.3953369140625,5.55146484375,3.7925537109375,1.87373046875,3.8496826171875,4.6070068359375,2.14075927734375,4.698681640625,3.9446533203125,1.783154296875,5.952099609375
68,6,38,branch,mouse,0.0,0.0,0.0,5.744562646538029,6.110940170535578,1.0,0.0,4.58257569495584,2.0,0.0,0.0,0.0,0.0,8.0,0.0,0.0,4.58257569495584,9.519221295943137,4.47213595499958,6.881943016134134,0.0,2.0907220343745223,4.47213595499958,0.0,0.0,0.0,4.47213595499958,0.0,8.138357147217054,0.0,1.4329345703125,4.5904052734375,3.74879150390625,1.81800537109375,2.818310546875,5.0672119140625,2.133984375,1.43580322265625,2.2154052734375,1.3660400390625,2.448345947265625,2.74879150390625,2.28516845703125,2.1333740234375,2.152294921875,4.18458251953125,1.8330810546875,6.2827880859375,3.89906005859375,1.4826171875,3.0591552734375,3.1983154296875,1.68177490234375,1.300732421875,4.4124267578125,2.065625,2.246533203125,4.7515380859375,1.86866455078125,5.3977783203125
69,6,39,branch,mouse,2.8284271247461903,2.0047393098802786,2.8284271247461903,2.0,6.082762530298219,0.0,0.0,0.0,2.0,2.8284271247461903,3.0,2.8284271247461903,3.0,3.0,8.898669190297497,2.0,4.237758754610752,8.246211251235321,0.0,6.0,3.8537208837531267,2.0,2.0415945787922958,2.0,2.0,2.0,2.0,2.0,3.8537208837531267,5.276335681470357,1.86866455078125,1.53175048828125,5.36689453125,3.43116455078125,3.40369873046875,6.68427734375,2.532177734375,1.4170654296875,2.415234375,1.483837890625,3.1001708984375,6.33802490234375,1.91602783203125,2.6839111328125,3.0183837890625,4.41053466796875,2.36793212890625,4.6115234375,5.38489990234375,3.2996337890625,6.1360595703125,2.666455078125,2.2830322265625,1.649853515625,1.581982421875,1.8675048828125,4.7996337890625,6.186962890625,1.581982421875,2.3216064453125
70,7,71,branch,mouse,2.0,4.58257569495584,2.0,2.23606797749979,9.16515138991168,7.483329627982627,3.0,7.629775444453557,1.8703710468723285,2.23606797749979,2.0,2.0,2.0,2.0,2.0,2.23606797749979,9.16515138991168,8.17066936798463,2.23606797749979,1.5828802372487587,9.16515138991168,0.0,0.0,2.23606797749979,2.23606797749979,9.16515138991168,0.24695076595959797,2.23606797749979,2.1655250605964387,0.0,1.58253173828125,2.183544921875,2.2495849609375,3.883251953125,1.84974365234375,2.4484375,2.1665771484375,3.2329833984375,2.94619270636111,2.03333740234375,2.57423095703125,1.81593017578125,1.917431640625,1.803936767578125,1.79237060546875,4.8465087890625,2.83314208984375,5.4739501953125,5.1662109375,1.648876953125,2.3076904296875,2.0821044921875,4.650341796875,1.55,2.100537109375,2.95869140625,2.5667236328125,2.87275390625,2.19813232421875,5.3997314453125
71,7,51,leaf,mouse,1.0,6.0,2.0,0.0,4.898979485566356,0.0,0.0,4.898979485566356,0.0,1.0,1.0,1.0,1.0,0.0,1.0,6.0,4.123105625617661,6.776855677991769,0.0,1.0,2.8284271247461903,0.0,6.0,4.123105625617661,0.0,5.2526112501024045,0.0,0.0,0.0,0.15994883274180438,1.33448486328125,1.799755859375,2.77589111328125,4.71064453125,2.815869140625,1.7259033203125,1.8650634765625,1.6662109375,2.01630859375,2.11707763671875,3.26673583984375,3.366650390625,3.233837890625,2.46778564453125,1.3560302734375,4.77149658203125,2.1829345703125,4.685009765625,3.710888671875,2.527294921875,1.54951171875,3.2493408203125,4.45020751953125,4.1355712890625,1.7010009765625,1.81580810546875,2.1310546875,3.2552001953125,1.78345947265625,2.91474609375
72,7,37,leaf,mouse,2.8284271247461903,2.8284271247461903,2.8284271247461903,2.0,9.255283112095753,1.0,2.0,8.246211251235321,0.550571206022255,2.8284271247461903,2.23606797749979,2.8284271247461903,2.8284271247461903,2.23606797749979,2.23606797749979,1.0,4.898979485566356,0.39230484541326405,1.0,0.755367744629666,2.0,2.23606797749979,2.23606797749979,2.0,7.189164454263391,0.5092582010581879,9.406477308142499,6.4031242374328485,1.6619037896906015,5.385164807134504,1.666943359375,2.2832763671875,2.33253173828125,5.08070068359375,2.199169921875,6.247021484375,3.965283203125,1.73341064453125,12.483837890625,2.15009765625,1.4153564453125,2.20087890625,3.71455078125,1.91553955078125,2.03236083984375,2.76624755859375,2.9685791015625,5.11982421875,1.40626220703125,2.2222412109375,4.13251953125,3.7493408203125,3.73310546875,1.5159423828125,2.14979248046875,4.72144775390625,2.0144775390625,2.665966796875,2.59815673828125,4.9048583984375
73,7,36,branch,mouse,2.0,2.0,2.0,0.0,1.0,1.0,1.0,3.7135660303756026,1.0,2.0,0.0,2.0,2.0,2.0,2.0,1.0,1.180339887498949,1.0,1.0,1.0,2.0,0.0,1.0,1.0,1.0,2.8284271247461903,6.0,1.0,1.0,1.0,1.65003662109375,5.0515869140625,1.73115234375,3.44935302734375,1.53382568359375,1.4337890625,2.3152587890625,2.148388671875,2.5366943359375,1.87891845703125,1.73402099609375,5.50166015625,1.9153564453125,2.842877197265625,1.88319091796875,4.232861328125,2.5506103515625,11.77607421875,3.165234375,4.532177734375,4.8379638671875,1.48212890625,1.78431396484375,2.6338623046875,2.1992919921875,4.11597900390625,4.56611328125,9.3003662109375,2.745556640625,2.0646484375
74,7,129,branch,mouse,0.0,5.744562646538029,5.744562646538029,2.0,5.447344566575566,0.0,2.0,2.0,0.0,0.0,0.0,0.0,0.0,0.0,0.0,2.0,0.9971941594428699,0.0,0.8166538263919687,7.405915780246005,0.0,2.0,2.0,0.0,2.0,2.0,0.0,0.7703296142690075,4.127507685564979,6.3686816970922,1.98328857421875,2.2652099609375,1.44642333984375,5.13221435546875,6.55738525390625,6.6443603515625,2.683544921875,2.44959716796875,3.4505126953125,2.1001708984375,3.76673583984375,6.34791259765625,2.01954345703125,4.081768798828125,8.2041748046875,1.8653076171875,3.20814208984375,5.8999755859375,4.19581298828125,2.2976806640625,5.1465576171875,2.5823486328125,1.71845703125,5.984326171875,1.4153564453125,2.21552734375,8.5142333984375,1.91669921875,1.4324462890625,2.282421875
75,7,45,leaf,mouse,1.0,1.0,1.0,3.0,3.0,2.23606797749979,0.0,0.0,0.0,1.0,6.4031242374328485,2.0,1.0,1.0,1.0,2.0,3.0,6.0,3.0,6.0,2.23606797749979,2.23606797749979,3.0,0.0,1.0,0.0,0.0,0.0,0.0,3.4641016151377544,2.44794921875,2.48353271484375,1.54981689453125,4.95325927734375,2.4002197265625,10.433544921875,3.5235107421875,3.1980712890625,3.548779296875,2.06641845703125,3.453961181640625,3.23328857421875,3.43336181640625,2.0161865234375,2.43177490234375,6.68836669921875,7.01575927734375,7.9497802734375,2.06666259765625,3.238720703125,7.0620849609375,4.8032958984375,2.31898193359375,2.250927734375,1.8660400390625,2.7339599609375,3.7739990234375,4.4304931640625,1.55054931640625,5.8338134765625
76,7,84,branch,mouse,1.0,4.0,4.0,1.1407056473296393,9.797958971132712,0.11419257183241882,0.0,8.48528137423857,0.0,1.0,4.0,1.0,1.0,1.0,1.0,2.8284271247461903,7.211102550927978,9.49100661236676,0.0,0.0,2.0,1.4806702452151372,2.8284271247461903,2.343830719480259,4.407206622349037,0.0,2.0,0.0,9.978568147683617,0.0,1.53291015625,2.0161865234375,2.300244140625,6.7652099609375,2.31776123046875,1.883251953125,2.5169189453125,1.45032958984375,4.19892578125,2.16669921875,2.286053466796875,3.0685546875,4.2573974609375,1.817242431640625,3.07349853515625,9.7532470703125,9.747265625,7.5183837890625,3.79639892578125,1.9834716796875,3.40693359375,2.421549353307608,1.44837646484375,2.2482421875,3.65009765625,2.51832275390625,5.7482421875,2.867138671875,2.56531982421875,1.58271484375
77,7,48,leaf,mouse,0.0,4.0,4.47213595499958,0.0,0.0,0.0,0.0,7.280109889280518,1.7115926542967372,4.0,0.0,0.0,0.0,1.4494948237791903,4.0,2.0,2.8284271247461903,3.5430821141544797,0.0,0.0,1.3775583264319486,0.0,0.0,2.8284271247461903,0.0,0.0,1.0,0.0,7.280109889280518,0.0,1.4331787109375,3.60010986328125,3.61793212890625,4.16627197265625,2.718701171875,7.7788818359375,1.449169921875,2.8826416015625,2.5984619140625,2.25062255859375,1.69801025390625,6.18177490234375,2.23121337890625,1.916424560546875,3.61396484375,4.4861572265625,5.3101318359375,6.73701171875,1.51612548828125,2.1658447265625,3.2976806640625,1.5989501953125,6.70032958984375,3.466015625,2.6829345703125,1.9849365234375,4.881787109375,3.686962890625,2.50843505859375,9.6238525390625
78,7,50,leaf,mouse,0.0,2.513103447023002,0.0,0.0,2.535702146254792,0.0,3.0,4.47213595499958,0.0,0.0,0.0,0.0,0.0,0.0,0.0,0.0,4.898979485566356,2.0,0.0,5.3771550808990405,0.0,0.0,0.0,1.180339887498949,0.0,4.47213595499958,2.8284271247461903,3.0,4.47213595499958,3.0,1.31336669921875,2.2826288125952905,2.85462646484375,6.59608154296875,2.0999267578125,2.45087890625,2.4484375,1.61475830078125,4.260693359375,1.582958984375,4.22083740234375,1.56788330078125,2.35029296875,1.65003662109375,3.40943603515625,5.49671630859375,4.12452392578125,5.6016357421875,4.18360595703125,1.582470703125,6.1837890625,4.6006591796875,1.40052490234375,1.6658447265625,2.03291015625,2.57740478515625,4.1834228515625,2.0662353515625,5.2976806640625,4.8321044921875
79,7,34,branch,mouse,0.0,5.744562646538029,0.0,1.0,5.748015748023622,0.0,1.0,0.0,1.0,0.0,0.0,0.0,0.0,0.0,0.0,1.0,0.0,2.0,1.0,7.063730644887755,1.0,1.0,1.0,1.0,0.6142025048028472,1.0,0.0,1.0,1.0,1.0,2.9827392578125,2.166943359375,4.2471435546875,5.21015625,5.4500244140625,1.5325439453125,2.015087890625,2.116162109375,3.733349609375,1.33387451171875,3.83399658203125,2.81544189453125,2.9527099609375,1.8496826171875,1.9832275390625,6.7144287109375,4.85059814453125,11.3550537109375,2.53260498046875,3.2368896484375,2.1670654296875,1.42744140625,1.383984375,1.7332275390625,2.2652099609375,2.3316162109375,6.9824951171875,3.1670654296875,1.68311767578125,4.4639404296875
80,8,44,leaf,mouse,6.082762530298219,0.19803902718556898,0.19803902718556898,1.0,5.744562646538029,2.0,2.0,1.0,2.23606797749979,2.0907220343745223,6.082762530298219,6.324555320336759,6.324555320336759,4.142135623730951,0.19803902718556898,1.80843051394949,2.0,2.0,1.1957029446808178,2.23606797749979,4.58257569495584,3.0,3.0,2.0,2.23606797749979,2.23606797749979,1.0,1.1566222497146512,2.0,2.0,2.9165771484375,2.11494140625,2.86671142578125,3.61396484375,2.14954833984375,3.641064453125,1.667431640625,2.01661376953125,3.4859130859375,2.81580810546875,2.34864501953125,3.8477294921875,2.7671630859375,2.19959716796875,3.248974609375,3.739498321297243,2.36573486328125,5.21455078125,6.0694091796875,12.5701416015625,2.731884765625,2.3494384765625,1.63544921875,4.4644287109375,1.71796875,2.28321533203125,6.3103759765625,2.556591796875,2.3987548828125,1.3491943359375
81,8,97,leaf,mouse,0.0,0.0,4.47213595499958,2.0,4.696938456699069,2.0,0.0,4.696938456699069,0.0,1.2719112093773077,3.966340706980745,0.0,0.0,5.656854249492381,1.2249956124954764,1.80843051394949,2.9883705204093545,6.708203932499369,0.18314698434514298,5.744562646538029,0.0,0.9262839959177995,0.0,2.0,0.0,0.9544511501033224,2.23606797749979,3.0,8.717797887081348,7.483314773547883,2.3509033203125,3.24903564453125,3.814404296875,2.8496826171875,3.611767578125,6.6837890625,2.2664306640625,1.51636962890625,2.848583984375,1.5655029296875,1.73096923828125,4.1477783203125,1.4800537109375,2.302532958984375,3.23798828125,3.739498321297243,1.8947265625,4.242138671875,3.64912109375,2.1507080078125,5.316357421875,1.465771484375,2.09925537109375,2.11591796875,2.0828369140625,1.6155517578125,3.865673828125,1.915234375,2.8947265625,3.853466796875
82,8,51,leaf,mouse,2.23606797749979,2.23606797749979,2.23606797749979,1.4544232648335509,2.0,2.0,0.0,2.6099033699941145,2.0,2.23606797749979,2.23606797749979,2.23606797749979,2.23606797749979,2.23606797749979,2.23606797749979,0.21893349553459984,4.0,2.064482596731601,2.22255689363638,0.0,2.8284271247461903,2.0,2.0,0.09975124224177989,2.8284271247461903,5.787536813594102,0.0,0.5593727893474352,2.617888817813075,0.0,1.5156982421875,2.2830322265625,1.90003662109375,4.518017578125,4.6497314453125,1.92646484375,1.86787109375,1.37470703125,3.3489501953125,3.664013671875,2.25086669921875,4.987744140625,3.180859375,2.6321533203125,3.97767333984375,1.94996337890625,3.58192138671875,3.8313720703125,5.71455078125,2.1492431640625,5.6028564453125,3.2986572265625,1.5169189453125,2.21552734375,3.2476318359375,3.466259765625,5.3047607421875,2.377392578125,2.38099365234375,3.0855224609375
83,8,41,branch,mouse,0.0,0.0,0.0,0.0,8.0,0.0,2.0,2.801273872430329,1.8703710468723285,0.0,0.0,4.0,0.0,4.0,4.0,2.0,1.0,4.123105625617661,4.123105625617661,1.0,2.0,0.06999300139966635,2.0,1.7032794361909964,2.0,2.0,0.0,2.23606797749979,0.0,4.58257569495584,2.2166259765625,4.568798828125,3.31800537109375,3.7052734375,5.39918212890625,4.8673828125,5.0806396484375,2.05140380859375,2.94619270636111,2.22657470703125,1.63349609375,6.537060546875,2.1314208984375,1.83271484375,2.290234375,4.7171142578125,7.2345703125,7.70234375,5.476513671875,2.1504638671875,2.2012451171875,1.8159912109375,2.77003173828125,1.399853515625,3.414990234375,5.0855224609375,3.2991455078125,1.6001708984375,1.92030029296875,2.0652587890625
84,8,49,leaf,mouse,2.0,4.108029254595621,0.0,0.0,3.685438564654021,0.47171583713181064,0.0,4.47213595499958,2.23606797749979,0.0,0.0,0.0,0.0,0.0,0.0,4.0,7.629775444453557,5.825526963329352,2.23606797749979,2.23606797749979,0.0,1.4806702452151372,4.47213595499958,2.23606797749979,0.49335808276828175,0.2654919008431129,1.0,4.47213595499958,1.180339887498949,2.0,1.766796875,1.36658935546875,2.28004150390625,3.6675537109375,3.3999755859375,1.31416015625,1.4324462890625,2.19996337890625,1.5833251953125,2.1497314453125,1.4512451171875,1.6994140625,3.100048828125,2.3869140625,1.30042724609375,3.14967041015625,5.46162109375,9.710888671875,2.895458984375,1.968212890625,7.1836669921875,2.421549353307608,2.18226318359375,1.9656494140625,1.820263671875,4.600537109375,1.983349609375,3.81611328125,1.4162109375,4.05
85,8,67,leaf,mouse,2.0,4.47213595499958,4.47213595499958,0.0,5.632011235952593,2.0,0.0,2.8284271247461903,0.0,2.0,4.47213595499958,2.0,2.0,2.0,4.47213595499958,2.8284271247461903,2.0,1.0,0.0,2.8284271247461903,2.8284271247461903,4.58257569495584,4.47213595499958,4.47213595499958,2.8284271247461903,0.0,2.0,0.0,0.0,6.0,2.08271484375,2.3999755859375,1.75416259765625,4.0825927734375,4.8135498046875,5.73603515625,1.6016357421875,1.9668701171875,4.644970703125,1.833935546875,1.8504150390625,2.3986328125,1.9666259765625,1.49866943359375,1.68104248046875,4.13795166015625,2.499462890625,4.9329345703125,8.128369140625,2.7354248046875,6.7095458984375,3.49580078125,1.8987548828125,1.697705078125,1.8347900390625,1.5491455078125,2.282666015625,5.6507080078125,2.05225830078125,6.766796875
86,8,61,leaf,mouse,2.0,2.0,2.0,0.0,6.4031242374328485,0.0,0.0,1.1877479301511755,4.58257569495584,2.0,2.0,2.0,2.0,2.0,2.0,0.0,4.58257569495584,0.0,0.7703296142690075,0.0,4.47213595499958,2.0,0.049968789001574976,2.23606797749979,1.0,2.8284271247461903,2.23606797749979,0.0,4.47213595499958,0.0,1.5666015625,1.66383056640625,2.349072265625,4.110791015625,1.983349609375,4.781689453125,1.383251953125,2.04957275390625,2.8657958984375,2.1502197265625,6.11573486328125,3.7261474609375,2.9663818359375,1.76759033203125,3.4177978515625,1.5659912109375,3.4160888671875,7.299267578125,1.6333740234375,1.824658203125,6.3140380859375,2.4661376953125,1.71534423828125,1.7002685546875,2.03193359375,3.0608642578125,3.0999267578125,4.9976318359375,1.63258056640625,1.9751708984375
87,8,129,branch,mouse,2.23606797749979,3.416407864998739,0.19803902718556898,2.0,4.47213595499958,0.0,0.0,4.032253869709223,1.0,2.23606797749979,4.47213595499958,2.0,2.0,4.47213595499958,4.47213595499958,0.0,0.0,6.082762530298219,2.0,0.0,3.0903123113639595,2.0,4.47213595499958,2.0,0.0,0.0,2.8284271247461903,0.0,8.306623862918075,0.0,2.782421875,2.2154052734375,4.6658447265625,3.312451171875,1.86634521484375,3.74775390625,1.7002685546875,1.48280029296875,2.8655517578125,3.6648681640625,1.78162841796875,3.1941650390625,2.2495849609375,2.04981689453125,3.0977294921875,3.216015625,9.42353515625,5.2447021484375,1.9085205078125,2.9256103515625,1.954052734375,5.3894775390625,3.48145751953125,2.066357421875,2.501416015625,2.231884765625,1.600537109375,2.4170654296875,2.34022216796875,1.582470703125
88,8,32,branch,mouse,2.23606797749979,2.23606797749979,2.23606797749979,2.0,6.0,2.0,2.0,3.561062773087116,2.0,0.19803902718556898,2.23606797749979,2.23606797749979,2.23606797749979,0.19803902718556898,0.19803902718556898,3.605551275463989,0.7703296142690075,2.0,2.0,2.0,2.8284271247461903,4.58257569495584,2.0,3.605551275463989,2.0,2.0,2.0,2.0,7.483314773547883,1.470910553583888,1.466748046875,1.8338134765625,3.74964599609375,3.845166015625,3.39912109375,4.653759765625,1.9163330078125,1.9356201171875,2.6990478515625,1.715771484375,1.33558349609375,3.3997314453125,2.70020751953125,3.36536865234375,3.54896240234375,2.53828125,2.46583251953125,3.64765625,3.833203125,1.400341796875,4.2736328125,2.8845947265625,1.8986328125,2.2326171875,4.2339599609375,5.7150390625,6.4842041015625,3.982373046875,3.083447265625,3.199658203125
89,8,116,branch,mouse,4.47213595499958,4.47213595499958,2.0,4.47213595499958,0.049875621120889946,0.0,2.0,7.483314773547883,2.8284271247461903,4.47213595499958,4.47213595499958,0.7703296142690075,2.0,4.47213595499958,4.47213595499958,2.8284271247461903,0.19803902718556898,5.0,2.0,2.8284271247461903,2.232528151007693,0.0,1.180339887498949,2.8284271247461903,2.8284271247461903,7.211102550927978,2.8284271247461903,2.8284271247461903,2.0,7.093417164641821,2.8316162109375,1.7669189453125,3.34864501953125,4.1031005859375,1.883984375,6.266796875,2.1211669921875,2.01038818359375,5.86689453125,2.5947998046875,1.34937744140625,4.5916259765625,1.31800537109375,2.29407958984375,2.415966796875,3.8489501953125,2.36439208984375,4.83173828125,3.833447265625,3.1287353515625,4.5804142730404624,1.9837158203125,1.9156005859375,2.849072265625,1.8992431640625,1.960400390625,2.732861328125,6.577587890625,4.32996826171875,1.598828125
90,9,35,branch,mouse,1.8551027599569787,1.8551027599569787,1.6660900155107665,3.4938562148434213,3.634147940026658,0.4263463503950504,2.209708691207961,3.634147940026658,3.125,1.8551027599569787,1.8551027599569787,1.8551027599569787,1.8551027599569787,1.8551027599569787,1.8551027599569787,3.281101187101672,7.472304146834972,5.960809508783182,3.125,5.311029208166718,5.960809508783182,3.634147940026658,2.2142921030696243,3.4938562148434213,3.4938562148434213,5.311029208166718,3.634147940026658,3.281101187101672,8.776967372048276,3.281101187101672,2.5667236328125,1.529248046875,2.49232177734375,3.03291015625,3.214794921875,5.373974609375,1.6154296875,2.29951171875,2.0664794921875,2.5335205078125,1.34925537109375,4.1345947265625,1.9334228515625,1.99818115234375,3.0655029296875,3.7466552734375,1.5532958984375,4.8455322265625,4.9063232421875,1.9026611328125,2.1658447265625,1.596630859375,1.5479248046875,1.36640625,1.9304931640625,2.5344970703125,5.5508544921875,2.794873046875,4.04359130859375,2.86640625
91,9,46,branch,mouse,2.425450988991532,2.425450988991532,2.425450988991532,3.3825147819337023,1.0,2.2073357125298703,1.8551027599569787,3.3825147819337023,3.3825147819337023,0.45801072169703616,2.425450988991532,2.425450988991532,2.425450988991532,5.330484265055099,4.941058844013093,1.8551027599569787,9.670162069395346,6.0997566549822295,3.3825147819337023,5.79333022271814,1.8551027599569787,1.5625,1.5625,1.0,4.666967993268997,1.8551027599569787,2.862295957255128,3.3825147819337023,8.776967372048276,6.0997566549822295,2.788037109375,1.86744384765625,3.84864501953125,5.11640625,4.0667236328125,5.918171653362234,4.6187255859375,2.79786376953125,2.58076171875,1.3008544921875,1.720654296875,3.2163818359375,1.767041015625,1.4322021484375,2.720166015625,5.800244140625,2.89222412109375,7.9099853515625,3.611279296875,1.5816162109375,2.7105224609375,1.4759033203125,1.4343994140625,2.9658935546875,1.8155029296875,1.8859375,2.099072265625,6.348828125,4.182080078125,3.82587890625
92,9,43,leaf,mouse,0.0,7.268295880053316,1.0,0.1960391649302231,5.248591123444815,1.8551027599569787,1.8551027599569787,1.8551027599569787,1.0,0.0,2.079755999557605,1.0,0.0,0.0,1.0,1.0,2.537992563030869,1.0,1.0,0.0,1.8551027599569787,0.0,5.921314315280711,1.0,1.8551027599569787,1.0,2.537992563030869,1.0,1.0,1.0,3.464794921875,1.781201171875,3.8137939453125,5.3677490234375,5.3897216796875,1.38154296875,1.686474609375,1.766796875,3.68525390625,1.8167236328125,1.38319091796875,1.81611328125,2.03382568359375,1.51746826171875,2.04969482421875,4.184765625,9.04566650390625,4.8303955078125,4.2163818359375,3.350537109375,4.4126708984375,1.834912109375,1.449169921875,1.332470703125,1.683056640625,2.461865234375,1.7984130859375,1.8340576171875,1.8345458984375,2.43525390625
93,9,38,leaf,mouse,2.425450988991532,2.425450988991532,5.041236207518946,4.025795728796979,8.5133167743248,1.8551027599569787,1.8551027599569787,0.0,1.2107323170130826,2.209708691207961,2.209708691207961,5.041236207518946,2.209708691207961,2.425450988991532,2.209708691207961,3.4938562148434213,1.8551027599569787,1.8551027599569787,0.0,3.634147940026658,1.8551027599569787,1.8551027599569787,1.8551027599569787,1.8551027599569787,1.8551027599569787,3.4938562148434213,1.8551027599569787,1.8551027599569787,4.792979892509461,3.7102055199139574,1.784130859375,5.966259765625,5.4807861328125,4.0996826171875,1.633740234375,5.270458984375,4.9163330078125,1.9832275390625,1.568798828125,2.097607421875,2.00635986328125,1.9004638671875,3.09913330078125,1.88319091796875,2.061962890625,4.4351318359375,1.88697509765625,8.6056640625,3.4990966796875,3.7847412109375,2.6172607421875,3.5828369140625,2.884228515625,2.0000732421875,4.60029296875,1.535107421875,1.800732421875,3.0821044921875,2.56849365234375,2.545361328125
94,9,98,branch,mouse,0.0,3.125,3.125,0.2664161769731095,1.5625,1.5625,1.5625,1.5625,4.419417382415922,0.0,0.0,0.0,0.0,3.281101187101672,3.125,3.6592529997324803,3.634147940026658,7.8401758221338085,1.5625,2.209708691207961,2.209708691207961,1.5625,0.0,1.5625,0.23334993619067745,2.209708691207961,1.5625,1.5625,0.0,4.531142240097965,2.23310546875,2.05225830078125,3.165966796875,1.7974365234375,2.2659423828125,1.383251953125,1.849560546875,1.449658203125,3.65400390625,1.83369140625,3.5171630859375,1.516552734375,4.04853515625,1.68299560546875,2.1001708984375,4.8655517578125,7.11890869140625,10.711376953125,3.4087646484375,8.40205078125,4.2703369140625,1.3164794921875,3.4199951171875,1.8489501953125,1.88203125,1.5330322265625,4.0264404296875,1.5332763671875,3.0994384765625,4.51142578125
95,9,41,leaf,mouse,1.5625,1.5625,1.5625,1.0,2.209708691207961,7.05890395174775,2.209708691207961,5.721737607580411,1.8551027599569787,1.5625,1.5625,1.5625,1.5625,1.5625,1.5625,3.125,3.4938562148434213,4.419417382415922,3.125,3.4938562148434213,1.0,1.8551027599569787,4.6875,3.281101187101672,2.209708691207961,5.721737607580411,2.209708691207961,3.281101187101672,9.165577586819065,3.281101187101672,2.049755859375,3.44923095703125,2.700390625,1.582470703125,2.4485595703125,9.4787109375,2.6599853515625,1.4866455078125,3.878125,1.8335693359375,4.34736328125,2.91865234375,2.631787109375,1.81617431640625,3.9881103515625,2.4337890625,2.8140380859375,4.0335205078125,1.39912109375,1.5352294921875,6.5236328125,2.6994140625,1.4171875,2.049755859375,3.8521240234375,1.4514892578125,6.4229248046875,3.066357421875,1.45032958984375,2.783154296875
96,9,54,branch,mouse,2.6040977959550915,6.5195019940176415,3.4938562148434213,0.0,3.281101187101672,4.6875,1.5625,0.0,4.792979892509461,3.4938562148434213,3.4938562148434213,3.4938562148434213,3.4938562148434213,6.5195019940176415,3.4938562148434213,1.5625,2.0,0.43753969514000346,1.5625,4.440205374232043,0.0,2.8699473375261277,1.5625,1.8551027599569787,3.281101187101672,1.0,1.9535197918238154,0.0,3.5306206559607745,2.2282673395440185,1.3172119140625,1.9612548828125,4.351513671875,2.15107421875,3.981396484375,6.48994140625,3.4011962890625,1.834912109375,1.798046875,4.2173583984375,2.61414794921875,7.1006591796875,3.6763427734375,2.4995849609375,3.2293212890625,3.782666015625,5.86646728515625,2.0181396484375,6.00654296875,1.815625,7.365185546875,1.8338134765625,1.331982421875,3.648876953125,1.6499755859375,1.6499755859375,1.7757080078125,1.716748046875,1.532666015625,10.369580078125
97,9,112,branch,mouse,2.209708691207961,2.209708691207961,2.209708691207961,0.0,5.041236207518946,1.5625,0.0,5.330484265055099,0.0,2.209708691207961,2.425450988991532,2.209708691207961,2.209708691207961,2.209708691207961,2.425450988991532,0.0,5.721737607580411,4.025795728796979,3.4938562148434213,4.531142240097965,0.0,0.0,4.941058844013093,0.0,0.0,1.5625,4.025795728796979,0.0,4.025795728796979,4.025795728796979,1.8667724609375,1.5637939453125,1.84473876953125,2.7801025390625,2.619580078125,3.84736328125,1.9990966796875,1.5841796875,1.450146484375,1.6316650390625,1.93238525390625,2.4663818359375,1.649853515625,6.82874755859375,2.0327880859375,1.83271484375,2.080517578125,4.235302734375,1.4683349609375,1.567578125,5.437451171875,2.05146484375,2.600537109375,1.9165771484375,2.8587158203125,1.9248779296875,4.512890625,1.633251953125,2.75269775390625,3.846142578125
98,9,33,leaf,mouse,0.0,0.0,0.0,2.209708691207961,5.041236207518946,0.0,0.0,7.268295880053316,5.041236207518946,0.0,0.0,0.0,0.0,0.0,0.0,0.0,0.7727661253863829,2.209708691207961,3.7102055199139574,6.5195019940176415,2.209708691207961,0.0,0.0,2.209708691207961,0.0,3.8185789790412237,2.209708691207961,1.5625,6.5195019940176415,3.4938562148434213,2.06708984375,1.74775390625,2.938671875,3.349072265625,3.59931640625,3.979443359375,3.18232421875,2.2674072265625,2.401806640625,2.116162109375,1.73212890625,5.6114013671875,2.34241943359375,3.516552734375,2.7324951171875,3.347607421875,2.0755126953125,3.510693359375,1.83369140625,1.6505859375,3.6814697265625,2.149609375,2.249462890625,1.300732421875,4.4068115234375,1.41669921875,4.8830078125,2.1155517578125,3.4368408203125,1.783154296875
99,9,32,leaf,mouse,1.5625,1.5625,1.5625,1.5625,0.0,0.0,1.5625,5.041236207518946,0.00488162098882583,1.5625,1.5625,1.5625,1.5625,1.5625,1.5625,1.5625,5.041236207518946,1.8551027599569787,2.209708691207961,1.5625,1.5625,0.0,7.8125,1.5625,1.788401270629814,2.209708691207961,0.5291633689481703,1.5625,6.987712429686843,1.5625,2.0493896484375,2.64893798828125,3.95264892578125,1.4181640625,3.0823486328125,4.482861328125,3.013134765625,1.517041015625,1.79951171875,1.998974609375,1.76380615234375,5.471142578125,1.8325927734375,2.03272705078125,4.347607421875,2.482373046875,3.26527099609375,3.7080810546875,2.59931640625,3.2769287109375,3.482373046875,2.091015625,1.533642578125,1.9658935546875,2.660712455980706,1.35029296875,2.482373046875,1.44892578125,3.64942626953125,3.099560546875
